airplane_id,apacity,type_id,airline_id
1,150,228,89
2,200,38,89
3,380,60,89
4,50,232,89
5,335,21,89
6,115,48,89
7,95,41,89
8,115,48,89
9,79,40,89
10,95,41,89
11,380,60,89
12,644,6,89
13,50,232,89
14,50,232,89
15,335,21,89
16,420,301,89
17,114,316,89
18,50,232,89
19,150,228,89
20,380,60,89
21,380,60,32
22,380,60,32
23,79,40,32
24,79,40,32
25,150,228,32
26,644,6,32
27,79,40,32
28,420,301,32
29,644,6,32
30,380,60,32
31,115,48,32
32,79,40,32
33,335,21,32
34,79,40,32
35,380,60,32
36,420,301,32
37,150,228,32
38,644,6,32
39,644,6,32
40,200,38,32
41,380,60,32
42,644,6,32
43,420,18,32
44,115,48,32
45,200,38,32
46,150,228,32
47,200,38,32
48,420,18,32
49,380,60,32
50,150,228,32
51,335,21,57
52,79,40,57
53,150,228,57
54,380,60,57
55,335,21,57
56,50,232,57
57,78,75,57
58,150,228,57
59,78,75,57
60,115,48,57
61,200,38,57
62,200,38,57
63,114,316,57
64,420,301,57
65,150,228,57
66,79,40,57
67,95,41,57
68,50,232,57
69,95,41,57
70,114,316,57
71,115,48,57
72,95,41,57
73,150,228,57
74,78,75,57
75,420,301,57
76,380,60,57
77,335,21,57
78,150,228,57
79,335,21,57
80,644,6,57
81,335,21,57
82,95,41,57
83,79,40,57
84,644,6,57
85,78,75,57
86,380,60,57
87,50,232,57
88,78,75,57
89,95,41,57
90,115,48,23
91,114,316,23
92,420,18,23
93,335,21,23
94,79,40,23
95,50,232,23
96,380,60,23
97,150,228,23
98,150,228,23
99,78,75,23
100,115,48,23
101,200,38,23
102,79,40,23
103,79,40,23
104,335,21,23
105,644,6,23
106,78,75,23
107,95,41,23
108,150,228,23
109,335,21,23
110,95,41,23
111,644,6,23
112,380,60,23
113,150,228,23
114,420,18,23
115,380,60,23
116,79,40,23
117,78,75,23
118,115,48,23
119,150,228,23
120,150,228,23
121,78,75,23
122,115,48,23
123,50,232,23
124,335,21,23
125,150,228,23
126,150,228,23
127,114,316,23
128,420,301,23
129,380,60,23
130,420,301,23
131,420,18,23
132,150,228,23
133,644,6,23
134,115,48,23
135,644,6,23
136,644,6,23
137,95,41,23
138,115,48,23
139,50,232,23
140,380,60,23
141,78,75,23
142,78,75,23
143,420,18,23
144,114,316,23
145,644,6,23
146,114,316,23
147,420,18,23
148,644,6,23
149,200,38,23
150,50,232,23
151,150,228,23
152,335,21,23
153,79,40,23
154,114,316,23
155,79,40,23
156,335,21,23
157,380,60,23
158,420,18,23
159,150,228,23
160,420,18,23
161,114,316,23
162,78,75,23
163,78,75,23
164,114,316,23
165,644,6,47
166,150,228,47
167,50,232,47
168,115,48,47
169,114,316,47
170,115,48,47
171,115,48,47
172,420,301,47
173,380,60,47
174,335,21,47
175,114,316,47
176,79,40,47
177,79,40,47
178,114,316,47
179,380,60,47
180,200,38,47
181,380,60,47
182,150,228,47
183,420,301,47
184,79,40,47
185,335,21,47
186,50,232,47
187,50,232,47
188,200,38,47
189,114,316,47
190,78,75,47
191,78,75,47
192,420,301,47
193,78,75,47
194,114,316,47
195,335,21,47
196,644,6,47
197,115,48,47
198,644,6,47
199,380,60,47
200,335,21,47
201,115,48,47
202,644,6,47
203,50,232,47
204,420,18,47
205,200,38,47
206,380,60,47
207,380,60,82
208,79,40,82
209,644,6,82
210,50,232,82
211,50,232,82
212,150,228,82
213,115,48,82
214,200,38,82
215,78,75,82
216,95,41,82
217,420,18,82
218,200,38,82
219,420,18,82
220,420,18,82
221,335,21,82
222,150,228,82
223,644,6,82
224,78,75,82
225,78,75,82
226,420,18,82
227,95,41,82
228,78,75,82
229,420,301,82
230,420,301,82
231,115,48,82
232,420,301,82
233,380,60,82
234,380,60,82
235,50,232,82
236,335,21,82
237,644,6,82
238,115,48,82
239,115,48,82
240,644,6,82
241,95,41,82
242,95,41,82
243,50,232,82
244,50,232,82
245,420,301,82
246,50,232,82
247,200,38,82
248,420,18,110
249,95,41,110
250,50,232,110
251,79,40,110
252,335,21,110
253,50,232,110
254,200,38,110
255,420,18,110
256,644,6,110
257,114,316,110
258,420,18,110
259,420,301,110
260,95,41,110
261,380,60,110
262,79,40,110
263,644,6,110
264,420,18,110
265,200,38,110
266,335,21,110
267,335,21,110
268,114,316,110
269,114,316,110
270,200,38,110
271,420,18,110
272,420,18,110
273,335,21,110
274,644,6,110
275,150,228,110
276,644,6,110
277,79,40,110
278,380,60,110
279,335,21,110
280,114,316,110
281,95,41,110
282,115,48,110
283,50,232,110
284,79,40,110
285,150,228,110
286,644,6,110
287,79,40,110
288,380,60,110
289,420,18,110
290,644,6,110
291,644,6,110
292,420,301,110
293,79,40,110
294,644,6,110
295,150,228,110
296,380,60,110
297,335,21,110
298,78,75,110
299,79,40,110
300,78,75,110
301,200,38,110
302,115,48,110
303,420,18,110
304,95,41,110
305,115,48,110
306,50,232,110
307,115,48,110
308,50,232,110
309,115,48,110
310,420,301,110
311,420,301,110
312,78,75,110
313,335,21,110
314,380,60,110
315,200,38,110
316,78,75,110
317,420,301,16
318,380,60,16
319,420,301,16
320,420,301,16
321,380,60,16
322,79,40,16
323,644,6,16
324,420,301,16
325,420,18,16
326,420,301,16
327,50,232,16
328,420,18,16
329,78,75,16
330,150,228,16
331,95,41,16
332,95,41,16
333,50,232,16
334,150,228,16
335,78,75,16
336,150,228,16
337,200,38,16
338,50,232,16
339,79,40,16
340,78,75,16
341,115,48,16
342,200,38,16
343,420,18,16
344,644,6,16
345,115,48,16
346,420,18,16
347,420,301,16
348,335,21,16
349,420,301,16
350,200,38,16
351,50,232,16
352,200,38,16
353,380,60,16
354,78,75,16
355,50,232,16
356,114,316,16
357,380,60,16
358,114,316,16
359,50,232,16
360,115,48,16
361,380,60,16
362,200,38,16
363,78,75,16
364,115,48,16
365,644,6,16
366,78,75,16
367,200,38,16
368,79,40,16
369,380,60,19
370,79,40,19
371,79,40,19
372,150,228,19
373,95,41,19
374,79,40,19
375,79,40,19
376,380,60,19
377,78,75,19
378,380,60,19
379,335,21,19
380,200,38,19
381,95,41,19
382,115,48,19
383,50,232,19
384,79,40,19
385,95,41,19
386,420,301,19
387,78,75,19
388,335,21,19
389,115,48,19
390,115,48,19
391,114,316,19
392,114,316,19
393,95,41,19
394,335,21,19
395,150,228,19
396,95,41,19
397,115,48,19
398,335,21,19
399,335,21,19
400,420,18,19
401,115,48,19
402,115,48,19
403,50,232,19
404,50,232,19
405,50,232,19
406,200,38,19
407,115,48,19
408,50,232,19
409,50,232,19
410,420,301,19
411,420,18,19
412,79,40,19
413,335,21,19
414,644,6,19
415,114,316,19
416,380,60,19
417,420,301,19
418,420,301,19
419,114,316,19
420,420,18,19
421,420,18,19
422,95,41,19
423,50,232,19
424,115,48,19
425,420,301,19
426,420,301,19
427,50,232,19
428,420,18,19
429,150,228,19
430,420,18,19
431,335,21,19
432,200,38,19
433,420,301,19
434,420,18,19
435,335,21,19
436,115,48,19
437,95,41,19
438,420,301,19
439,79,40,19
440,200,38,19
441,79,40,19
442,115,48,19
443,115,48,50
444,115,48,50
445,200,38,50
446,420,18,50
447,420,18,50
448,78,75,50
449,150,228,50
450,200,38,50
451,644,6,50
452,200,38,50
453,420,18,50
454,380,60,50
455,50,232,50
456,150,228,50
457,115,48,50
458,644,6,50
459,380,60,50
460,380,60,50
461,200,38,50
462,50,232,50
463,335,21,50
464,95,41,50
465,420,18,50
466,420,301,50
467,150,228,50
468,150,228,50
469,644,6,50
470,420,18,50
471,335,21,50
472,115,48,50
473,114,316,50
474,420,301,50
475,78,75,50
476,644,6,50
477,150,228,50
478,420,18,50
479,78,75,50
480,380,60,50
481,95,41,50
482,78,75,50
483,150,228,50
484,380,60,50
485,115,48,50
486,114,316,50
487,79,40,50
488,78,75,50
489,150,228,50
490,78,75,50
491,115,48,50
492,644,6,50
493,50,232,50
494,114,316,50
495,95,41,50
496,78,75,50
497,95,41,50
498,150,228,102
499,95,41,102
500,95,41,102
501,78,75,102
502,78,75,102
503,420,18,102
504,420,301,102
505,78,75,102
506,420,18,102
507,95,41,102
508,644,6,102
509,644,6,102
510,78,75,102
511,95,41,102
512,78,75,102
513,150,228,102
514,644,6,102
515,115,48,102
516,380,60,102
517,79,40,102
518,95,41,102
519,79,40,102
520,79,40,102
521,78,75,102
522,79,40,102
523,114,316,27
524,150,228,27
525,335,21,27
526,420,18,27
527,420,18,27
528,78,75,27
529,380,60,27
530,115,48,27
531,50,232,27
532,115,48,27
533,380,60,27
534,380,60,27
535,95,41,27
536,114,316,27
537,78,75,27
538,115,48,27
539,78,75,6
540,78,75,6
541,114,316,6
542,114,316,6
543,78,75,6
544,200,38,6
545,79,40,6
546,79,40,6
547,420,301,6
548,420,301,6
549,420,301,6
550,420,301,6
551,644,6,6
552,150,228,6
553,95,41,6
554,150,228,6
555,78,75,6
556,380,60,6
557,50,232,6
558,78,75,6
559,420,18,6
560,95,41,6
561,50,232,6
562,420,301,6
563,78,75,6
564,95,41,6
565,420,18,6
566,420,301,6
567,79,40,6
568,420,301,6
569,95,41,6
570,79,40,6
571,420,301,6
572,335,21,6
573,420,18,6
574,420,301,6
575,95,41,6
576,95,41,6
577,78,75,6
578,420,18,6
579,644,6,6
580,420,301,6
581,150,228,6
582,644,6,6
583,95,41,6
584,335,21,6
585,50,232,6
586,95,41,6
587,114,316,6
588,150,228,6
589,95,41,6
590,50,232,6
591,335,21,6
592,200,38,6
593,380,60,6
594,335,21,6
595,420,301,6
596,114,316,6
597,150,228,6
598,644,6,6
599,95,41,6
600,200,38,6
601,79,40,6
602,644,6,6
603,115,48,6
604,115,48,6
605,420,301,6
606,50,232,6
607,420,301,12
608,78,75,12
609,78,75,12
610,200,38,12
611,150,228,12
612,644,6,12
613,114,316,12
614,78,75,12
615,50,232,12
616,335,21,12
617,114,316,12
618,420,301,12
619,380,60,12
620,420,301,12
621,150,228,12
622,150,228,12
623,335,21,12
624,78,75,12
625,115,48,12
626,78,75,12
627,150,228,12
628,115,48,12
629,79,40,12
630,420,18,12
631,50,232,12
632,95,41,12
633,380,60,12
634,95,41,12
635,420,18,12
636,95,41,12
637,200,38,12
638,114,316,12
639,95,41,12
640,200,38,12
641,78,75,12
642,200,38,12
643,200,38,12
644,114,316,12
645,335,21,12
646,420,18,12
647,50,232,12
648,78,75,12
649,150,228,12
650,95,41,12
651,380,60,12
652,420,301,12
653,335,21,12
654,150,228,12
655,380,60,12
656,114,316,12
657,114,316,12
658,95,41,12
659,335,21,12
660,420,18,12
661,115,48,12
662,420,18,12
663,380,60,12
664,420,18,12
665,380,60,12
666,420,301,12
667,380,60,12
668,150,228,12
669,95,41,12
670,644,6,12
671,420,18,12
672,79,40,12
673,200,38,12
674,79,40,12
675,644,6,12
676,95,41,12
677,115,48,12
678,78,75,12
679,95,41,12
680,200,38,12
681,79,40,12
682,78,75,12
683,50,232,12
684,380,60,12
685,114,316,12
686,115,48,12
687,200,38,12
688,115,48,12
689,115,48,46
690,420,301,46
691,95,41,46
692,420,301,46
693,335,21,46
694,380,60,46
695,335,21,46
696,50,232,46
697,420,18,46
698,644,6,46
699,200,38,46
700,420,18,46
701,420,18,46
702,420,301,46
703,79,40,46
704,115,48,46
705,114,316,46
706,150,228,46
707,78,75,46
708,420,301,46
709,335,21,46
710,200,38,46
711,78,75,46
712,335,21,46
713,420,18,46
714,380,60,46
715,50,232,46
716,420,301,46
717,150,228,46
718,95,41,46
719,380,60,46
720,200,38,46
721,420,18,46
722,644,6,46
723,78,75,46
724,79,40,46
725,380,60,46
726,420,18,46
727,335,21,46
728,114,316,46
729,420,18,46
730,115,48,46
731,150,228,46
732,200,38,46
733,420,18,46
734,335,21,46
735,114,316,46
736,150,228,46
737,644,6,46
738,420,301,46
739,95,41,46
740,335,21,46
741,50,232,46
742,95,41,46
743,79,40,46
744,644,6,46
745,78,75,46
746,200,38,46
747,420,301,46
748,150,228,46
749,114,316,46
750,200,38,46
751,420,18,46
752,150,228,46
753,200,38,46
754,644,6,46
755,420,18,46
756,150,228,46
757,420,18,46
758,79,40,46
759,115,48,46
760,200,38,46
761,150,228,46
762,79,40,46
763,115,48,46
764,50,232,46
765,380,60,46
766,335,21,46
767,114,316,46
768,380,60,46
769,50,232,46
770,335,21,46
771,150,228,46
772,150,228,46
773,335,21,40
774,150,228,40
775,380,60,40
776,95,41,40
777,115,48,40
778,79,40,40
779,335,21,40
780,114,316,40
781,115,48,40
782,78,75,40
783,78,75,40
784,115,48,40
785,420,18,40
786,150,228,40
787,420,301,40
788,95,41,40
789,79,40,40
790,50,232,40
791,335,21,40
792,420,301,40
793,95,41,40
794,644,6,40
795,335,21,40
796,420,301,40
797,150,228,40
798,114,316,40
799,115,48,40
800,78,75,40
801,115,48,40
802,200,38,40
803,380,60,40
804,420,301,40
805,420,18,40
806,420,18,40
807,420,18,40
808,420,301,40
809,115,48,40
810,200,38,40
811,79,40,40
812,78,75,40
813,200,38,40
814,79,40,40
815,115,48,40
816,79,40,40
817,335,21,40
818,420,18,40
819,150,228,40
820,115,48,40
821,644,6,40
822,78,75,40
823,335,21,40
824,95,41,40
825,644,6,40
826,79,40,40
827,644,6,40
828,420,18,17
829,380,60,17
830,114,316,17
831,420,301,17
832,50,232,17
833,79,40,17
834,79,40,17
835,78,75,17
836,95,41,17
837,115,48,17
838,380,60,17
839,78,75,17
840,150,228,17
841,78,75,17
842,78,75,17
843,644,6,17
844,79,40,17
845,95,41,17
846,95,41,17
847,115,48,17
848,115,48,17
849,335,21,17
850,644,6,17
851,380,60,17
852,335,21,17
853,335,21,17
854,78,75,17
855,335,21,17
856,380,60,17
857,644,6,17
858,644,6,17
859,420,301,17
860,380,60,17
861,150,228,17
862,79,40,17
863,95,41,17
864,420,18,17
865,420,301,17
866,95,41,17
867,380,60,17
868,335,21,17
869,644,6,17
870,115,48,17
871,78,75,17
872,644,6,17
873,95,41,17
874,644,6,17
875,79,40,17
876,50,232,17
877,115,48,17
878,50,232,17
879,95,41,17
880,114,316,17
881,50,232,17
882,78,75,17
883,50,232,17
884,420,18,17
885,50,232,17
886,420,18,17
887,420,301,17
888,78,75,17
889,420,18,17
890,79,40,17
891,115,48,17
892,50,232,17
893,420,301,17
894,78,75,17
895,644,6,17
896,79,40,17
897,79,40,17
898,380,60,17
899,115,48,17
900,95,41,17
901,420,18,17
902,95,41,35
903,115,48,35
904,115,48,35
905,114,316,35
906,95,41,35
907,78,75,35
908,420,301,35
909,150,228,35
910,420,301,35
911,115,48,35
912,114,316,35
913,115,48,35
914,420,301,35
915,420,301,35
916,420,301,35
917,200,38,35
918,420,301,35
919,114,316,35
920,380,60,35
921,420,18,35
922,420,301,35
923,200,38,35
924,420,18,35
925,420,301,35
926,380,60,35
927,115,48,35
928,335,21,35
929,644,6,35
930,50,232,35
931,200,38,35
932,115,48,35
933,200,38,35
934,150,228,35
935,78,75,35
936,644,6,35
937,200,38,35
938,78,75,35
939,420,301,35
940,644,6,35
941,380,60,35
942,335,21,35
943,420,18,20
944,150,228,20
945,115,48,20
946,114,316,20
947,644,6,20
948,420,18,20
949,115,48,20
950,420,301,20
951,200,38,20
952,420,18,20
953,50,232,20
954,79,40,20
955,150,228,20
956,95,41,20
957,150,228,20
958,644,6,20
959,115,48,20
960,114,316,20
961,79,40,20
962,78,75,20
963,78,75,20
964,335,21,20
965,78,75,20
966,78,75,20
967,95,41,20
968,78,75,20
969,380,60,20
970,95,41,20
971,380,60,20
972,114,316,20
973,200,38,20
974,420,301,20
975,380,60,20
976,114,316,20
977,95,41,20
978,380,60,20
979,150,228,20
980,78,75,20
981,200,38,20
982,644,6,20
983,644,6,20
984,335,21,20
985,79,40,20
986,50,232,20
987,380,60,20
988,335,21,20
989,50,232,20
990,420,18,20
991,50,232,20
992,335,21,20
993,420,18,20
994,50,232,20
995,79,40,20
996,420,18,20
997,150,228,20
998,114,316,20
999,644,6,20
1000,95,41,20
1001,335,21,20
1002,380,60,20
1003,420,18,20
1004,95,41,20
1005,335,21,20
1006,420,301,20
1007,335,21,20
1008,420,301,20
1009,200,38,20
1010,78,75,20
1011,380,60,20
1012,380,60,20
1013,78,75,20
1014,420,301,20
1015,79,40,54
1016,115,48,54
1017,79,40,54
1018,380,60,54
1019,95,41,54
1020,95,41,54
1021,95,41,54
1022,380,60,54
1023,115,48,54
1024,79,40,54
1025,78,75,54
1026,380,60,54
1027,420,18,54
1028,420,301,54
1029,380,60,54
1030,115,48,54
1031,50,232,54
1032,335,21,54
1033,420,301,54
1034,79,40,54
1035,95,41,54
1036,79,40,54
1037,115,48,54
1038,644,6,54
1039,420,301,54
1040,95,41,54
1041,420,301,54
1042,335,21,54
1043,95,41,54
1044,79,40,54
1045,78,75,54
1046,114,316,54
1047,50,232,54
1048,200,38,54
1049,79,40,54
1050,200,38,54
1051,420,301,54
1052,150,228,54
1053,150,228,54
1054,335,21,54
1055,420,18,54
1056,114,316,54
1057,150,228,54
1058,335,21,54
1059,95,41,54
1060,95,41,54
1061,114,316,54
1062,200,38,54
1063,380,60,54
1064,95,41,54
1065,380,60,54
1066,78,75,54
1067,114,316,54
1068,420,18,54
1069,644,6,54
1070,95,41,54
1071,115,48,54
1072,114,316,54
1073,420,301,54
1074,50,232,54
1075,644,6,54
1076,380,60,54
1077,420,301,54
1078,50,232,54
1079,150,228,54
1080,420,18,45
1081,115,48,45
1082,114,316,45
1083,78,75,45
1084,420,301,45
1085,150,228,45
1086,114,316,45
1087,115,48,45
1088,644,6,45
1089,420,18,45
1090,50,232,45
1091,114,316,45
1092,95,41,45
1093,115,48,45
1094,335,21,45
1095,644,6,45
1096,95,41,45
1097,50,232,45
1098,420,18,45
1099,115,48,45
1100,79,40,45
1101,420,301,45
1102,335,21,45
1103,78,75,45
1104,380,60,45
1105,335,21,45
1106,115,48,45
1107,335,21,45
1108,644,6,45
1109,200,38,45
1110,335,21,45
1111,335,21,45
1112,114,316,45
1113,78,75,45
1114,420,18,45
1115,95,41,45
1116,150,228,45
1117,50,232,45
1118,78,75,45
1119,150,228,45
1120,78,75,45
1121,150,228,45
1122,380,60,45
1123,95,41,45
1124,200,38,45
1125,114,316,45
1126,115,48,45
1127,114,316,45
1128,420,301,45
1129,420,301,45
1130,335,21,45
1131,78,75,45
1132,200,38,45
1133,79,40,45
1134,50,232,45
1135,150,228,45
1136,380,60,45
1137,95,41,45
1138,644,6,45
1139,420,301,45
1140,420,301,45
1141,335,21,45
1142,150,228,45
1143,95,41,45
1144,420,18,45
1145,78,75,45
1146,50,232,45
1147,78,75,45
1148,150,228,45
1149,150,228,45
1150,114,316,45
1151,150,228,45
1152,420,301,45
1153,79,40,45
1154,200,38,45
1155,50,232,45
1156,420,18,45
1157,114,316,45
1158,420,301,45
1159,150,228,45
1160,79,40,45
1161,150,228,45
1162,150,228,45
1163,380,60,45
1164,335,21,45
1165,420,301,45
1166,95,41,45
1167,114,316,45
1168,644,6,45
1169,79,40,4
1170,114,316,4
1171,380,60,4
1172,420,18,4
1173,335,21,4
1174,114,316,4
1175,420,18,4
1176,644,6,4
1177,420,301,4
1178,50,232,4
1179,50,232,4
1180,95,41,4
1181,114,316,4
1182,115,48,4
1183,150,228,4
1184,78,75,4
1185,95,41,4
1186,50,232,4
1187,420,301,4
1188,644,6,4
1189,114,316,4
1190,644,6,4
1191,150,228,4
1192,115,48,4
1193,380,60,4
1194,78,75,4
1195,335,21,4
1196,78,75,4
1197,114,316,4
1198,200,38,4
1199,79,40,4
1200,644,6,4
1201,78,75,4
1202,78,75,4
1203,335,21,4
1204,420,301,49
1205,200,38,49
1206,335,21,49
1207,79,40,49
1208,335,21,49
1209,420,18,49
1210,114,316,49
1211,50,232,49
1212,380,60,49
1213,115,48,49
1214,150,228,49
1215,644,6,49
1216,95,41,49
1217,115,48,49
1218,420,18,106
1219,115,48,106
1220,50,232,106
1221,380,60,106
1222,50,232,75
1223,150,228,75
1224,644,6,75
1225,380,60,75
1226,644,6,75
1227,95,41,75
1228,380,60,75
1229,79,40,94
1230,150,228,94
1231,420,18,94
1232,644,6,94
1233,644,6,94
1234,79,40,94
1235,79,40,94
1236,200,38,94
1237,95,41,94
1238,420,18,94
1239,420,18,94
1240,644,6,94
1241,380,60,94
1242,78,75,94
1243,420,18,94
1244,644,6,94
1245,95,41,94
1246,420,18,94
1247,335,21,94
1248,50,232,94
1249,644,6,94
1250,150,228,94
1251,78,75,94
1252,50,232,94
1253,380,60,94
1254,644,6,94
1255,95,41,94
1256,380,60,94
1257,95,41,94
1258,644,6,94
1259,380,60,94
1260,150,228,94
1261,150,228,94
1262,420,301,94
1263,150,228,94
1264,50,232,94
1265,644,6,94
1266,335,21,94
1267,420,18,94
1268,115,48,94
1269,200,38,94
1270,200,38,94
1271,380,60,94
1272,50,232,94
1273,335,21,94
1274,420,301,94
1275,50,232,94
1276,420,301,94
1277,150,228,94
1278,644,6,94
1279,115,48,94
1280,150,228,94
1281,150,228,94
1282,115,48,94
1283,420,301,94
1284,95,41,94
1285,115,48,94
1286,420,18,94
1287,78,75,94
1288,78,75,94
1289,420,18,94
1290,115,48,94
1291,114,316,94
1292,78,75,94
1293,335,21,94
1294,380,60,94
1295,150,228,94
1296,335,21,94
1297,114,316,94
1298,78,75,94
1299,114,316,94
1300,644,6,94
1301,335,21,94
1302,200,38,94
1303,50,232,94
1304,95,41,94
1305,78,75,94
1306,114,316,94
1307,644,6,94
1308,114,316,94
1309,150,228,94
1310,115,48,94
1311,115,48,94
1312,420,301,94
1313,644,6,94
1314,335,21,94
1315,644,6,94
1316,115,48,94
1317,200,38,94
1318,115,48,74
1319,115,48,5
1320,200,38,5
1321,79,40,5
1322,114,316,5
1323,150,228,5
1324,335,21,5
1325,78,75,5
1326,380,60,5
1327,420,18,5
1328,420,301,5
1329,380,60,5
1330,79,40,5
1331,78,75,5
1332,115,48,5
1333,114,316,5
1334,50,232,5
1335,200,38,5
1336,114,316,5
1337,420,301,5
1338,644,6,5
1339,200,38,5
1340,335,21,5
1341,114,316,5
1342,200,38,5
1343,95,41,5
1344,150,228,5
1345,150,228,5
1346,420,301,5
1347,150,228,5
1348,200,38,5
1349,644,6,5
1350,200,38,5
1351,380,60,5
1352,95,41,5
1353,644,6,5
1354,95,41,5
1355,380,60,5
1356,78,75,55
1357,420,301,55
1358,380,60,55
1359,380,60,55
1360,644,6,55
1361,380,60,55
1362,420,18,55
1363,114,316,55
1364,115,48,55
1365,79,40,55
1366,95,41,55
1367,420,18,55
1368,95,41,55
1369,420,301,55
1370,79,40,55
1371,420,18,55
1372,50,232,55
1373,114,316,55
1374,50,232,55
1375,114,316,55
1376,79,40,55
1377,420,301,55
1378,644,6,55
1379,95,41,55
1380,78,75,55
1381,380,60,55
1382,50,232,55
1383,78,75,55
1384,78,75,55
1385,95,41,55
1386,50,232,55
1387,78,75,55
1388,420,18,55
1389,115,48,55
1390,115,48,55
1391,420,18,55
1392,644,6,55
1393,380,60,55
1394,50,232,55
1395,380,60,55
1396,78,75,55
1397,200,38,55
1398,420,301,55
1399,79,40,55
1400,78,75,55
1401,78,75,55
1402,95,41,55
1403,150,228,55
1404,114,316,55
1405,79,40,55
1406,380,60,55
1407,420,18,55
1408,78,75,55
1409,380,60,55
1410,115,48,55
1411,78,75,55
1412,420,18,55
1413,95,41,55
1414,78,75,55
1415,644,6,55
1416,50,232,55
1417,150,228,55
1418,644,6,55
1419,78,75,55
1420,79,40,55
1421,115,48,55
1422,420,18,55
1423,95,41,55
1424,420,18,55
1425,78,75,55
1426,78,75,55
1427,644,6,55
1428,200,38,55
1429,420,301,55
1430,79,40,55
1431,335,21,55
1432,420,301,55
1433,150,228,55
1434,644,6,55
1435,79,40,55
1436,335,21,55
1437,380,60,55
1438,95,41,55
1439,420,18,55
1440,420,18,55
1441,420,18,24
1442,200,38,24
1443,95,41,24
1444,644,6,24
1445,79,40,24
1446,200,38,24
1447,50,232,24
1448,79,40,24
1449,200,38,24
1450,200,38,24
1451,50,232,24
1452,79,40,24
1453,420,301,24
1454,78,75,24
1455,79,40,24
1456,420,301,24
1457,644,6,24
1458,380,60,24
1459,79,40,24
1460,95,41,24
1461,150,228,24
1462,78,75,24
1463,200,38,24
1464,150,228,24
1465,79,40,24
1466,95,41,24
1467,79,40,24
1468,150,228,24
1469,380,60,24
1470,115,48,24
1471,114,316,24
1472,420,301,24
1473,114,316,24
1474,420,18,24
1475,114,316,24
1476,420,18,24
1477,95,41,24
1478,380,60,24
1479,95,41,24
1480,420,301,24
1481,50,232,24
1482,79,40,24
1483,644,6,24
1484,115,48,24
1485,200,38,24
1486,79,40,24
1487,335,21,24
1488,79,40,24
1489,78,75,24
1490,115,48,24
1491,150,228,24
1492,114,316,24
1493,115,48,24
1494,644,6,24
1495,115,48,24
1496,150,228,24
1497,115,48,24
1498,50,232,24
1499,380,60,24
1500,644,6,24
1501,79,40,24
1502,79,40,24
1503,114,316,24
1504,420,18,24
1505,115,48,24
1506,95,41,24
1507,200,38,24
1508,50,232,24
1509,644,6,24
1510,420,301,24
1511,380,60,24
1512,50,232,24
1513,78,75,24
1514,380,60,24
1515,95,41,24
1516,200,38,24
1517,78,75,24
1518,420,301,24
1519,420,301,24
1520,50,232,24
1521,420,18,24
1522,95,41,24
1523,420,301,24
1524,420,301,24
1525,115,48,24
1526,335,21,24
1527,115,48,24
1528,78,75,24
1529,644,6,24
1530,78,75,90
1531,95,41,90
1532,95,41,90
1533,114,316,90
1534,380,60,90
1535,78,75,90
1536,420,18,90
1537,50,232,8
1538,335,21,8
1539,115,48,8
1540,95,41,8
1541,420,18,8
1542,115,48,8
1543,78,75,8
1544,115,48,8
1545,114,316,8
1546,50,232,8
1547,420,18,8
1548,95,41,8
1549,150,228,8
1550,200,38,8
1551,150,228,8
1552,95,41,8
1553,78,75,8
1554,79,40,8
1555,380,60,8
1556,95,41,8
1557,200,38,8
1558,420,301,8
1559,95,41,8
1560,200,38,8
1561,644,6,8
1562,50,232,8
1563,78,75,8
1564,380,60,8
1565,50,232,8
1566,420,18,8
1567,95,41,8
1568,114,316,8
1569,200,38,8
1570,50,232,8
1571,335,21,8
1572,79,40,8
1573,79,40,8
1574,335,21,8
1575,50,232,8
1576,420,18,8
1577,420,18,8
1578,644,6,8
1579,115,48,8
1580,50,232,8
1581,79,40,8
1582,79,40,8
1583,79,40,8
1584,200,38,8
1585,114,316,8
1586,78,75,8
1587,420,301,8
1588,78,75,8
1589,380,60,8
1590,420,18,8
1591,200,38,8
1592,420,301,8
1593,78,75,8
1594,200,38,8
1595,200,38,8
1596,150,228,8
1597,79,40,8
1598,420,301,8
1599,380,60,8
1600,420,301,8
1601,380,60,8
1602,114,316,8
1603,644,6,8
1604,50,232,8
1605,50,232,8
1606,50,232,8
1607,644,6,8
1608,78,75,8
1609,380,60,78
1610,50,232,78
1611,200,38,78
1612,78,75,78
1613,335,21,78
1614,115,48,78
1615,420,301,78
1616,420,18,78
1617,420,18,78
1618,420,301,78
1619,114,316,78
1620,335,21,78
1621,50,232,78
1622,79,40,78
1623,335,21,78
1624,420,18,78
1625,380,60,78
1626,644,6,78
1627,115,48,78
1628,335,21,78
1629,380,60,78
1630,420,18,78
1631,114,316,78
1632,200,38,78
1633,420,18,78
1634,420,301,78
1635,335,21,78
1636,644,6,78
1637,420,301,78
1638,420,18,78
1639,78,75,78
1640,200,38,78
1641,78,75,78
1642,335,21,78
1643,335,21,78
1644,335,21,78
1645,114,316,78
1646,150,228,78
1647,79,40,78
1648,150,228,78
1649,95,41,78
1650,644,6,78
1651,644,6,78
1652,79,40,78
1653,79,40,78
1654,335,21,78
1655,95,41,78
1656,50,232,78
1657,335,21,78
1658,50,232,78
1659,420,18,78
1660,150,228,78
1661,644,6,78
1662,50,232,78
1663,420,18,78
1664,420,18,78
1665,115,48,78
1666,200,38,78
1667,335,21,78
1668,335,21,78
1669,95,41,78
1670,420,18,78
1671,95,41,78
1672,95,41,78
1673,79,40,78
1674,420,301,78
1675,380,60,78
1676,644,6,78
1677,95,41,78
1678,50,232,78
1679,50,232,78
1680,50,232,78
1681,50,232,78
1682,50,232,78
1683,335,21,78
1684,335,21,78
1685,420,18,78
1686,420,301,78
1687,420,18,78
1688,79,40,78
1689,115,48,78
1690,335,21,78
1691,420,18,78
1692,380,60,78
1693,335,21,11
1694,114,316,11
1695,380,60,11
1696,115,48,11
1697,50,232,11
1698,150,228,11
1699,50,232,11
1700,200,38,81
1701,79,40,81
1702,200,38,81
1703,50,232,81
1704,78,75,81
1705,79,40,81
1706,79,40,81
1707,150,228,81
1708,335,21,81
1709,335,21,81
1710,114,316,81
1711,644,6,81
1712,79,40,81
1713,78,75,81
1714,420,18,81
1715,644,6,81
1716,420,18,81
1717,115,48,81
1718,380,60,81
1719,200,38,81
1720,380,60,81
1721,420,18,81
1722,79,40,81
1723,150,228,81
1724,150,228,81
1725,78,75,81
1726,79,40,81
1727,420,301,81
1728,114,316,81
1729,200,38,81
1730,420,301,81
1731,644,6,81
1732,380,60,81
1733,78,75,81
1734,50,232,81
1735,115,48,81
1736,200,38,81
1737,200,38,81
1738,79,40,81
1739,95,41,81
1740,95,41,81
1741,644,6,81
1742,115,48,81
1743,150,228,81
1744,644,6,81
1745,420,301,81
1746,150,228,81
1747,420,18,81
1748,420,18,81
1749,79,40,81
1750,95,41,81
1751,114,316,81
1752,115,48,81
1753,150,228,81
1754,380,60,81
1755,200,38,81
1756,114,316,81
1757,50,232,81
1758,78,75,81
1759,115,48,81
1760,335,21,81
1761,380,60,81
1762,115,48,81
1763,114,316,81
1764,380,60,81
1765,95,41,81
1766,335,21,81
1767,150,228,81
1768,114,316,81
1769,380,60,81
1770,200,38,81
1771,335,21,81
1772,420,301,81
1773,150,228,81
1774,78,75,81
1775,420,301,81
1776,115,48,81
1777,150,228,81
1778,150,228,81
1779,380,60,81
1780,335,21,81
1781,335,21,81
1782,79,40,81
1783,114,316,81
1784,644,6,81
1785,78,75,81
1786,78,75,81
1787,114,316,81
1788,150,228,81
1789,200,38,69
1790,644,6,69
1791,380,60,69
1792,114,316,69
1793,114,316,69
1794,420,18,69
1795,335,21,69
1796,78,75,69
1797,78,75,69
1798,50,232,69
1799,115,48,69
1800,200,38,69
1801,644,6,69
1802,420,18,69
1803,644,6,69
1804,644,6,69
1805,150,228,69
1806,115,48,69
1807,50,232,69
1808,420,301,69
1809,420,18,69
1810,420,18,69
1811,50,232,69
1812,95,41,69
1813,150,228,69
1814,50,232,69
1815,95,41,69
1816,150,228,69
1817,380,60,69
1818,200,38,69
1819,114,316,69
1820,50,232,69
1821,200,38,69
1822,200,38,69
1823,420,301,69
1824,78,75,69
1825,95,41,69
1826,150,228,69
1827,78,75,69
1828,79,40,69
1829,114,316,69
1830,95,41,69
1831,380,60,69
1832,150,228,69
1833,380,60,69
1834,420,301,69
1835,50,232,69
1836,95,41,69
1837,420,18,69
1838,150,228,69
1839,644,6,69
1840,200,38,69
1841,50,232,69
1842,50,232,69
1843,114,316,69
1844,114,316,69
1845,114,316,69
1846,420,18,69
1847,380,60,69
1848,79,40,69
1849,79,40,69
1850,79,40,69
1851,335,21,69
1852,380,60,69
1853,380,60,69
1854,50,232,69
1855,380,60,69
1856,644,6,69
1857,114,316,69
1858,115,48,69
1859,79,40,69
1860,95,41,69
1861,78,75,69
1862,78,75,69
1863,200,38,69
1864,380,60,69
1865,380,60,69
1866,420,18,69
1867,78,75,69
1868,114,316,69
1869,78,75,69
1870,78,75,69
1871,644,6,69
1872,150,228,69
1873,50,232,69
1874,380,60,103
1875,420,301,103
1876,50,232,103
1877,420,18,103
1878,78,75,103
1879,335,21,103
1880,95,41,103
1881,335,21,103
1882,150,228,103
1883,644,6,103
1884,644,6,103
1885,79,40,103
1886,420,18,103
1887,114,316,103
1888,50,232,103
1889,95,41,103
1890,335,21,103
1891,150,228,103
1892,95,41,103
1893,115,48,103
1894,79,40,103
1895,644,6,103
1896,380,60,103
1897,200,38,103
1898,114,316,103
1899,115,48,103
1900,200,38,103
1901,150,228,103
1902,79,40,103
1903,335,21,103
1904,115,48,103
1905,78,75,103
1906,150,228,103
1907,79,40,103
1908,420,18,103
1909,150,228,103
1910,380,60,103
1911,115,48,103
1912,78,75,103
1913,95,41,103
1914,380,60,103
1915,644,6,103
1916,150,228,103
1917,420,301,103
1918,150,228,103
1919,420,301,103
1920,420,18,103
1921,644,6,103
1922,95,41,103
1923,115,48,103
1924,115,48,103
1925,150,228,103
1926,115,48,103
1927,420,18,103
1928,420,18,103
1929,200,38,103
1930,420,301,103
1931,95,41,103
1932,644,6,103
1933,644,6,103
1934,380,60,103
1935,380,60,103
1936,78,75,103
1937,79,40,103
1938,78,75,103
1939,644,6,103
1940,420,18,103
1941,380,60,103
1942,420,18,100
1943,78,75,100
1944,420,18,100
1945,335,21,100
1946,114,316,100
1947,150,228,100
1948,78,75,100
1949,79,40,100
1950,78,75,100
1951,644,6,100
1952,150,228,100
1953,95,41,100
1954,115,48,100
1955,420,301,100
1956,78,75,100
1957,380,60,100
1958,114,316,100
1959,200,38,100
1960,200,38,100
1961,420,18,100
1962,200,38,100
1963,200,38,100
1964,114,316,100
1965,50,232,100
1966,335,21,100
1967,644,6,100
1968,150,228,100
1969,335,21,100
1970,335,21,100
1971,79,40,100
1972,114,316,100
1973,200,38,100
1974,79,40,100
1975,50,232,100
1976,95,41,100
1977,644,6,100
1978,114,316,100
1979,95,41,100
1980,95,41,100
1981,420,301,100
1982,95,41,100
1983,200,38,100
1984,420,18,100
1985,78,75,100
1986,50,232,100
1987,420,18,100
1988,115,48,100
1989,420,301,100
1990,79,40,100
1991,114,316,100
1992,420,301,30
1993,644,6,30
1994,115,48,30
1995,115,48,30
1996,335,21,30
1997,380,60,30
1998,79,40,30
1999,95,41,30
2000,150,228,30
2001,420,301,30
2002,335,21,30
2003,644,6,30
2004,644,6,30
2005,644,6,30
2006,115,48,30
2007,420,18,30
2008,150,228,30
2009,78,75,30
2010,115,48,30
2011,95,41,30
2012,95,41,30
2013,150,228,30
2014,380,60,30
2015,79,40,30
2016,114,316,30
2017,420,301,30
2018,50,232,30
2019,79,40,30
2020,78,75,30
2021,420,301,30
2022,335,21,30
2023,380,60,30
2024,420,301,30
2025,114,316,30
2026,644,6,30
2027,150,228,30
2028,200,38,30
2029,79,40,30
2030,335,21,30
2031,644,6,30
2032,644,6,30
2033,79,40,30
2034,420,18,30
2035,420,18,30
2036,95,41,30
2037,420,301,30
2038,335,21,30
2039,335,21,30
2040,420,301,30
2041,114,316,30
2042,420,301,30
2043,644,6,30
2044,115,48,30
2045,335,21,30
2046,79,40,30
2047,335,21,30
2048,150,228,30
2049,335,21,30
2050,380,60,30
2051,114,316,30
2052,150,228,30
2053,150,228,30
2054,79,40,30
2055,95,41,30
2056,115,48,30
2057,95,41,30
2058,200,38,30
2059,150,228,30
2060,114,316,30
2061,95,41,30
2062,150,228,30
2063,150,228,30
2064,150,228,30
2065,50,232,92
2066,335,21,92
2067,420,301,92
2068,420,18,92
2069,95,41,92
2070,200,38,92
2071,150,228,92
2072,644,6,92
2073,200,38,92
2074,200,38,92
2075,200,38,92
2076,420,301,92
2077,115,48,92
2078,644,6,92
2079,150,228,92
2080,420,18,92
2081,150,228,92
2082,420,301,92
2083,50,232,92
2084,420,18,92
2085,644,6,92
2086,95,41,92
2087,115,48,92
2088,79,40,92
2089,335,21,92
2090,200,38,92
2091,114,316,92
2092,644,6,92
2093,420,18,92
2094,380,60,92
2095,78,75,92
2096,644,6,92
2097,150,228,92
2098,420,301,92
2099,420,18,92
2100,335,21,92
2101,50,232,92
2102,78,75,92
2103,200,38,92
2104,335,21,92
2105,200,38,92
2106,115,48,92
2107,150,228,92
2108,150,228,92
2109,380,60,92
2110,420,301,92
2111,50,232,92
2112,79,40,92
2113,200,38,92
2114,150,228,92
2115,115,48,92
2116,79,40,92
2117,335,21,92
2118,644,6,92
2119,420,301,92
2120,79,40,92
2121,79,40,92
2122,95,41,92
2123,79,40,92
2124,115,48,92
2125,78,75,92
2126,79,40,92
2127,380,60,92
2128,150,228,92
2129,78,75,92
2130,114,316,92
2131,78,75,92
2132,50,232,92
2133,420,301,92
2134,200,38,92
2135,420,18,92
2136,50,232,92
2137,114,316,92
2138,50,232,92
2139,420,301,92
2140,79,40,92
2141,380,60,92
2142,380,60,92
2143,114,316,92
2144,50,232,92
2145,79,40,92
2146,335,21,92
2147,200,38,92
2148,115,48,92
2149,200,38,92
2150,78,75,92
2151,50,232,92
2152,420,301,92
2153,95,41,92
2154,420,18,60
2155,95,41,60
2156,380,60,60
2157,420,301,60
2158,335,21,60
2159,115,48,60
2160,95,41,60
2161,420,18,60
2162,95,41,60
2163,644,6,60
2164,79,40,60
2165,115,48,60
2166,78,75,60
2167,420,18,60
2168,95,41,60
2169,380,60,60
2170,95,41,60
2171,78,75,60
2172,335,21,60
2173,420,18,60
2174,115,48,66
2175,79,40,66
2176,420,18,66
2177,644,6,66
2178,420,301,66
2179,420,18,66
2180,50,232,66
2181,200,38,66
2182,115,48,66
2183,420,18,66
2184,95,41,66
2185,50,232,66
2186,420,301,66
2187,420,18,66
2188,644,6,66
2189,335,21,66
2190,115,48,66
2191,335,21,66
2192,380,60,66
2193,380,60,66
2194,380,60,66
2195,420,18,66
2196,115,48,66
2197,114,316,66
2198,115,48,66
2199,420,18,66
2200,420,18,66
2201,115,48,66
2202,200,38,66
2203,200,38,66
2204,79,40,66
2205,150,228,66
2206,420,301,66
2207,115,48,66
2208,150,228,66
2209,200,38,66
2210,380,60,66
2211,114,316,66
2212,380,60,66
2213,644,6,66
2214,150,228,66
2215,644,6,66
2216,50,232,66
2217,115,48,66
2218,420,18,66
2219,78,75,66
2220,420,301,66
2221,420,301,66
2222,335,21,66
2223,200,38,66
2224,335,21,66
2225,150,228,66
2226,79,40,66
2227,420,301,66
2228,115,48,66
2229,150,228,66
2230,150,228,66
2231,420,301,66
2232,79,40,66
2233,644,6,66
2234,50,232,66
2235,420,301,66
2236,150,228,66
2237,380,60,66
2238,420,18,66
2239,420,301,66
2240,50,232,66
2241,420,301,66
2242,79,40,66
2243,95,41,66
2244,114,316,66
2245,335,21,66
2246,115,48,66
2247,420,301,66
2248,420,301,66
2249,380,60,66
2250,380,60,66
2251,79,40,66
2252,150,228,77
2253,420,301,77
2254,95,41,77
2255,380,60,77
2256,78,75,77
2257,420,18,77
2258,644,6,77
2259,150,228,77
2260,50,232,77
2261,420,301,77
2262,420,18,77
2263,78,75,77
2264,380,60,77
2265,150,228,77
2266,150,228,77
2267,335,21,77
2268,50,232,77
2269,95,41,77
2270,644,6,77
2271,380,60,77
2272,150,228,77
2273,115,48,77
2274,200,38,77
2275,78,75,76
2276,420,301,68
2277,380,60,68
2278,115,48,68
2279,644,6,68
2280,150,228,68
2281,200,38,68
2282,420,301,68
2283,200,38,68
2284,50,232,68
2285,420,301,68
2286,95,41,68
2287,50,232,68
2288,95,41,68
2289,79,40,68
2290,380,60,68
2291,380,60,68
2292,200,38,68
2293,335,21,68
2294,79,40,68
2295,420,18,68
2296,79,40,68
2297,200,38,68
2298,380,60,68
2299,79,40,68
2300,50,232,68
2301,79,40,68
2302,150,228,68
2303,420,18,68
2304,79,40,68
2305,150,228,68
2306,644,6,68
2307,644,6,68
2308,95,41,68
2309,380,60,68
2310,420,18,68
2311,335,21,68
2312,150,228,68
2313,114,316,68
2314,115,48,68
2315,420,301,68
2316,79,40,68
2317,50,232,68
2318,380,60,68
2319,150,228,68
2320,200,38,68
2321,420,18,68
2322,95,41,68
2323,380,60,68
2324,79,40,68
2325,150,228,68
2326,420,301,68
2327,420,301,68
2328,644,6,68
2329,335,21,68
2330,78,75,68
2331,50,232,68
2332,380,60,68
2333,150,228,68
2334,644,6,68
2335,78,75,68
2336,420,301,68
2337,420,18,68
2338,78,75,68
2339,644,6,68
2340,420,301,68
2341,644,6,68
2342,200,38,68
2343,95,41,68
2344,150,228,68
2345,150,228,68
2346,420,18,68
2347,335,21,68
2348,114,316,68
2349,114,316,68
2350,644,6,68
2351,78,75,68
2352,50,232,68
2353,95,41,68
2354,115,48,68
2355,335,21,68
2356,335,21,68
2357,420,18,68
2358,200,38,70
2359,79,40,70
2360,150,228,70
2361,335,21,70
2362,50,232,70
2363,420,301,70
2364,335,21,70
2365,150,228,70
2366,79,40,70
2367,200,38,70
2368,150,228,70
2369,79,40,70
2370,50,232,70
2371,150,228,70
2372,420,301,70
2373,79,40,70
2374,420,301,70
2375,95,41,70
2376,115,48,70
2377,150,228,70
2378,420,18,70
2379,335,21,70
2380,150,228,70
2381,644,6,70
2382,420,18,70
2383,200,38,70
2384,115,48,70
2385,200,38,70
2386,95,41,70
2387,420,301,70
2388,420,18,70
2389,420,301,70
2390,78,75,70
2391,78,75,70
2392,50,232,70
2393,150,228,70
2394,380,60,70
2395,644,6,70
2396,380,60,70
2397,50,232,70
2398,79,40,70
2399,79,40,70
2400,200,38,70
2401,200,38,70
2402,335,21,70
2403,50,232,70
2404,380,60,70
2405,50,232,70
2406,200,38,70
2407,420,18,70
2408,114,316,70
2409,79,40,70
2410,200,38,70
2411,380,60,70
2412,79,40,70
2413,95,41,70
2414,150,228,70
2415,50,232,70
2416,420,301,70
2417,200,38,70
2418,115,48,70
2419,150,228,70
2420,78,75,70
2421,115,48,70
2422,114,316,70
2423,150,228,70
2424,200,38,70
2425,200,38,70
2426,150,228,70
2427,50,232,70
2428,335,21,70
2429,335,21,70
2430,200,38,70
2431,95,41,70
2432,95,41,70
2433,200,38,41
2434,644,6,41
2435,79,40,41
2436,380,60,41
2437,420,18,41
2438,644,6,41
2439,50,232,41
2440,95,41,41
2441,380,60,41
2442,200,38,41
2443,150,228,41
2444,95,41,41
2445,335,21,41
2446,115,48,41
2447,420,301,41
2448,114,316,41
2449,200,38,41
2450,380,60,41
2451,335,21,41
2452,78,75,41
2453,79,40,41
2454,115,48,41
2455,200,38,41
2456,335,21,41
2457,79,40,41
2458,95,41,41
2459,79,40,41
2460,380,60,41
2461,50,232,41
2462,150,228,41
2463,644,6,41
2464,335,21,41
2465,150,228,41
2466,95,41,41
2467,114,316,41
2468,50,232,41
2469,95,41,41
2470,420,301,41
2471,200,38,41
2472,644,6,41
2473,78,75,41
2474,95,41,85
2475,335,21,85
2476,380,60,85
2477,644,6,85
2478,78,75,85
2479,150,228,85
2480,420,301,85
2481,420,18,85
2482,78,75,15
2483,420,301,15
2484,644,6,15
2485,335,21,15
2486,644,6,15
2487,115,48,15
2488,380,60,15
2489,420,301,15
2490,95,41,15
2491,79,40,15
2492,420,301,15
2493,380,60,15
2494,420,18,15
2495,420,18,15
2496,79,40,15
2497,644,6,15
2498,115,48,15
2499,644,6,15
2500,200,38,15
2501,115,48,15
2502,644,6,15
2503,95,41,15
2504,78,75,15
2505,200,38,15
2506,78,75,15
2507,78,75,15
2508,335,21,15
2509,114,316,15
2510,380,60,15
2511,200,38,15
2512,115,48,15
2513,380,60,15
2514,78,75,15
2515,380,60,15
2516,114,316,15
2517,78,75,15
2518,420,18,15
2519,200,38,15
2520,380,60,15
2521,115,48,15
2522,420,301,15
2523,200,38,15
2524,420,18,15
2525,114,316,15
2526,79,40,15
2527,115,48,15
2528,114,316,15
2529,150,228,15
2530,380,60,15
2531,644,6,15
2532,79,40,15
2533,380,60,15
2534,95,41,15
2535,200,38,15
2536,50,232,15
2537,95,41,15
2538,200,38,15
2539,644,6,15
2540,335,21,15
2541,150,228,15
2542,79,40,15
2543,114,316,15
2544,95,41,15
2545,200,38,15
2546,200,38,15
2547,335,21,15
2548,335,21,15
2549,79,40,15
2550,115,48,15
2551,150,228,15
2552,50,232,15
2553,644,6,44
2554,644,6,44
2555,50,232,44
2556,79,40,44
2557,115,48,44
2558,420,301,44
2559,335,21,44
2560,644,6,44
2561,114,316,44
2562,115,48,44
2563,420,301,44
2564,335,21,44
2565,115,48,1
2566,380,60,1
2567,644,6,1
2568,380,60,1
2569,114,316,1
2570,50,232,1
2571,50,232,1
2572,95,41,1
2573,200,38,1
2574,335,21,1
2575,420,301,1
2576,115,48,1
2577,79,40,1
2578,644,6,1
2579,78,75,1
2580,420,18,1
2581,78,75,1
2582,420,18,1
2583,335,21,1
2584,78,75,1
2585,78,75,1
2586,115,48,1
2587,95,41,1
2588,420,301,1
2589,420,301,1
2590,115,48,1
2591,79,40,1
2592,335,21,1
2593,335,21,1
2594,115,48,1
2595,78,75,1
2596,114,316,1
2597,644,6,1
2598,78,75,1
2599,200,38,1
2600,114,316,1
2601,50,232,1
2602,420,18,1
2603,335,21,1
2604,335,21,1
2605,200,38,1
2606,50,232,1
2607,420,301,1
2608,420,301,1
2609,78,75,1
2610,420,301,1
2611,150,228,1
2612,50,232,1
2613,114,316,1
2614,78,75,1
2615,150,228,1
2616,114,316,1
2617,115,48,1
2618,200,38,1
2619,95,41,1
2620,335,21,1
2621,150,228,1
2622,114,316,1
2623,95,41,1
2624,78,75,1
2625,200,38,1
2626,79,40,1
2627,420,301,1
2628,200,38,1
2629,79,40,1
2630,78,75,1
2631,644,6,1
2632,335,21,1
2633,420,18,1
2634,335,21,1
2635,95,41,1
2636,420,18,96
2637,644,6,96
2638,644,6,96
2639,644,6,96
2640,420,301,96
2641,50,232,96
2642,50,232,96
2643,95,41,96
2644,50,232,96
2645,114,316,96
2646,335,21,96
2647,79,40,96
2648,644,6,96
2649,380,60,96
2650,380,60,96
2651,50,232,96
2652,79,40,96
2653,78,75,96
2654,150,228,96
2655,380,60,96
2656,79,40,96
2657,115,48,96
2658,50,232,96
2659,420,301,96
2660,95,41,96
2661,50,232,96
2662,50,232,96
2663,115,48,96
2664,420,18,96
2665,200,38,96
2666,78,75,96
2667,335,21,96
2668,79,40,96
2669,78,75,96
2670,335,21,96
2671,644,6,96
2672,420,18,29
2673,115,48,29
2674,150,228,29
2675,50,232,29
2676,114,316,29
2677,420,18,29
2678,78,75,29
2679,200,38,29
2680,114,316,29
2681,150,228,29
2682,420,301,29
2683,420,301,29
2684,380,60,29
2685,200,38,29
2686,78,75,29
2687,420,18,29
2688,420,18,29
2689,420,301,29
2690,380,60,29
2691,644,6,29
2692,380,60,29
2693,644,6,29
2694,420,18,29
2695,50,232,29
2696,78,75,29
2697,79,40,29
2698,200,38,29
2699,78,75,29
2700,380,60,29
2701,200,38,29
2702,50,232,29
2703,114,316,29
2704,114,316,29
2705,420,301,29
2706,380,60,29
2707,95,41,29
2708,150,228,29
2709,115,48,29
2710,114,316,29
2711,115,48,29
2712,79,40,29
2713,95,41,29
2714,335,21,29
2715,50,232,29
2716,420,301,29
2717,335,21,29
2718,644,6,29
2719,114,316,29
2720,150,228,29
2721,380,60,29
2722,114,316,29
2723,95,41,29
2724,420,301,29
2725,50,232,29
2726,200,38,29
2727,420,301,29
2728,200,38,29
2729,115,48,29
2730,420,301,29
2731,150,228,29
2732,150,228,29
2733,115,48,29
2734,380,60,29
2735,380,60,29
2736,335,21,29
2737,335,21,29
2738,644,6,29
2739,78,75,29
2740,114,316,29
2741,114,316,29
2742,115,48,29
2743,644,6,29
2744,335,21,29
2745,420,301,29
2746,50,232,29
2747,150,228,29
2748,50,232,29
2749,78,75,29
2750,380,60,29
2751,420,301,29
2752,115,48,29
2753,420,18,105
2754,420,18,105
2755,335,21,105
2756,95,41,105
2757,114,316,105
2758,115,48,105
2759,78,75,105
2760,79,40,105
2761,79,40,105
2762,114,316,105
2763,50,232,105
2764,50,232,105
2765,200,38,105
2766,644,6,105
2767,644,6,105
2768,200,38,105
2769,644,6,105
2770,114,316,105
2771,644,6,105
2772,380,60,105
2773,114,316,105
2774,335,21,105
2775,200,38,105
2776,420,301,105
2777,644,6,105
2778,420,18,105
2779,380,60,105
2780,380,60,105
2781,420,18,61
2782,50,232,61
2783,50,232,61
2784,335,21,61
2785,420,18,61
2786,200,38,61
2787,78,75,61
2788,380,60,61
2789,335,21,61
2790,200,38,61
2791,50,232,61
2792,78,75,61
2793,335,21,61
2794,150,228,61
2795,200,38,61
2796,200,38,61
2797,150,228,61
2798,380,60,61
2799,200,38,61
2800,380,60,61
2801,380,60,61
2802,50,232,61
2803,79,40,61
2804,150,228,61
2805,420,18,61
2806,78,75,61
2807,150,228,61
2808,335,21,61
2809,380,60,61
2810,95,41,61
2811,78,75,61
2812,420,301,61
2813,200,38,61
2814,150,228,61
2815,150,228,61
2816,79,40,61
2817,644,6,61
2818,150,228,61
2819,78,75,61
2820,200,38,61
2821,420,18,61
2822,150,228,61
2823,335,21,61
2824,200,38,61
2825,380,60,61
2826,95,41,61
2827,115,48,61
2828,95,41,61
2829,78,75,61
2830,150,228,61
2831,78,75,61
2832,380,60,61
2833,420,301,61
2834,200,38,61
2835,95,41,61
2836,150,228,61
2837,200,38,61
2838,200,38,61
2839,78,75,61
2840,50,232,61
2841,420,301,61
2842,50,232,61
2843,115,48,61
2844,50,232,61
2845,420,301,61
2846,79,40,61
2847,200,38,61
2848,114,316,61
2849,420,18,61
2850,78,75,111
2851,335,21,111
2852,644,6,111
2853,335,21,111
2854,115,48,111
2855,420,301,111
2856,380,60,111
2857,644,6,111
2858,420,18,111
2859,380,60,111
2860,50,232,111
2861,644,6,111
2862,335,21,111
2863,380,60,111
2864,79,40,111
2865,380,60,111
2866,79,40,111
2867,420,301,111
2868,150,228,111
2869,200,38,111
2870,115,48,111
2871,95,41,111
2872,78,75,7
2873,79,40,7
2874,150,228,7
2875,79,40,7
2876,420,301,7
2877,115,48,7
2878,95,41,7
2879,50,232,7
2880,115,48,7
2881,420,301,7
2882,78,75,7
2883,420,301,7
2884,335,21,7
2885,420,301,7
2886,335,21,36
2887,114,316,36
2888,50,232,36
2889,644,6,36
2890,114,316,36
2891,420,18,36
2892,420,301,36
2893,420,18,36
2894,420,301,36
2895,78,75,36
2896,114,316,36
2897,115,48,36
2898,200,38,36
2899,335,21,36
2900,78,75,36
2901,95,41,36
2902,335,21,36
2903,79,40,36
2904,335,21,36
2905,115,48,36
2906,78,75,36
2907,114,316,36
2908,78,75,36
2909,50,232,36
2910,200,38,36
2911,420,301,36
2912,150,228,36
2913,150,228,71
2914,95,41,71
2915,200,38,71
2916,644,6,71
2917,335,21,71
2918,420,18,71
2919,420,18,71
2920,50,232,71
2921,335,21,71
2922,114,316,71
2923,644,6,71
2924,50,232,71
2925,420,301,71
2926,114,316,71
2927,79,40,71
2928,78,75,71
2929,78,75,71
2930,200,38,71
2931,79,40,71
2932,335,21,71
2933,380,60,71
2934,115,48,71
2935,114,316,71
2936,380,60,71
2937,200,38,71
2938,114,316,71
2939,95,41,71
2940,115,48,71
2941,79,40,71
2942,200,38,71
2943,95,41,71
2944,335,21,71
2945,114,316,71
2946,420,301,71
2947,200,38,71
2948,50,232,71
2949,150,228,71
2950,79,40,71
2951,150,228,71
2952,644,6,71
2953,644,6,71
2954,50,232,71
2955,50,232,71
2956,114,316,71
2957,380,60,71
2958,200,38,71
2959,420,301,71
2960,380,60,71
2961,380,60,71
2962,644,6,71
2963,114,316,71
2964,335,21,71
2965,380,60,71
2966,115,48,71
2967,114,316,71
2968,150,228,71
2969,335,21,71
2970,335,21,71
2971,79,40,71
2972,380,60,71
2973,115,48,71
2974,150,228,71
2975,150,228,71
2976,200,38,71
2977,115,48,71
2978,644,6,71
2979,335,21,71
2980,200,38,71
2981,79,40,71
2982,78,75,71
2983,79,40,71
2984,95,41,71
2985,150,228,71
2986,335,21,71
2987,335,21,71
2988,95,41,71
2989,115,48,71
2990,50,232,71
2991,644,6,71
2992,644,6,71
2993,50,232,71
2994,150,228,71
2995,200,38,71
2996,115,48,71
2997,644,6,86
2998,200,38,86
2999,115,48,86
3000,200,38,86
3001,420,301,86
3002,644,6,86
3003,114,316,86
3004,95,41,86
3005,50,232,86
3006,78,75,86
3007,50,232,86
3008,50,232,86
3009,420,18,86
3010,335,21,86
3011,200,38,86
3012,420,18,86
3013,115,48,86
3014,114,316,86
3015,78,75,86
3016,114,316,86
3017,78,75,86
3018,95,41,86
3019,200,38,86
3020,150,228,86
3021,95,41,86
3022,79,40,86
3023,335,21,56
3024,380,60,56
3025,335,21,56
3026,115,48,56
3027,380,60,56
3028,115,48,56
3029,78,75,56
3030,150,228,56
3031,420,18,56
3032,644,6,56
3033,380,60,56
3034,380,60,56
3035,50,232,56
3036,380,60,56
3037,95,41,56
3038,150,228,56
3039,114,316,56
3040,420,301,56
3041,644,6,56
3042,150,228,56
3043,335,21,56
3044,150,228,56
3045,150,228,56
3046,78,75,56
3047,114,316,56
3048,335,21,56
3049,335,21,56
3050,115,48,56
3051,420,301,56
3052,380,60,56
3053,200,38,56
3054,150,228,56
3055,420,18,56
3056,95,41,56
3057,79,40,56
3058,114,316,56
3059,78,75,56
3060,79,40,56
3061,380,60,56
3062,644,6,56
3063,79,40,56
3064,420,18,56
3065,380,60,56
3066,200,38,56
3067,420,301,56
3068,644,6,56
3069,644,6,56
3070,95,41,56
3071,114,316,56
3072,420,18,56
3073,335,21,56
3074,78,75,56
3075,50,232,56
3076,644,6,56
3077,50,232,56
3078,380,60,56
3079,335,21,56
3080,420,18,56
3081,420,18,56
3082,150,228,56
3083,420,301,56
3084,79,40,56
3085,420,301,56
3086,150,228,56
3087,150,228,56
3088,644,6,56
3089,114,316,101
3090,79,40,101
3091,644,6,101
3092,150,228,101
3093,420,301,101
3094,335,21,101
3095,95,41,101
3096,50,232,101
3097,50,232,101
3098,115,48,101
3099,78,75,101
3100,200,38,101
3101,335,21,101
3102,644,6,101
3103,115,48,101
3104,420,18,101
3105,50,232,101
3106,115,48,101
3107,644,6,101
3108,95,41,101
3109,114,316,101
3110,420,18,101
3111,380,60,101
3112,380,60,101
3113,150,228,101
3114,50,232,101
3115,200,38,101
3116,380,60,101
3117,114,316,101
3118,200,38,101
3119,420,18,101
3120,95,41,101
3121,380,60,101
3122,335,21,101
3123,200,38,101
3124,200,38,101
3125,79,40,101
3126,420,301,101
3127,335,21,101
3128,200,38,101
3129,420,18,101
3130,420,18,101
3131,115,48,101
3132,79,40,101
3133,335,21,101
3134,644,6,101
3135,95,41,101
3136,115,48,51
3137,95,41,51
3138,115,48,51
3139,200,38,51
3140,380,60,51
3141,644,6,51
3142,79,40,9
3143,78,75,9
3144,420,18,9
3145,78,75,9
3146,420,301,9
3147,79,40,9
3148,644,6,9
3149,420,18,9
3150,78,75,9
3151,200,38,9
3152,95,41,9
3153,335,21,9
3154,420,301,9
3155,644,6,9
3156,95,41,9
3157,50,232,9
3158,335,21,9
3159,380,60,9
3160,79,40,9
3161,115,48,9
3162,114,316,9
3163,79,40,9
3164,78,75,9
3165,150,228,9
3166,50,232,9
3167,95,41,9
3168,79,40,9
3169,335,21,9
3170,78,75,9
3171,95,41,9
3172,78,75,9
3173,79,40,9
3174,79,40,9
3175,644,6,9
3176,79,40,9
3177,644,6,9
3178,95,41,9
3179,79,40,9
3180,335,21,9
3181,79,40,9
3182,420,301,9
3183,380,60,9
3184,380,60,9
3185,200,38,9
3186,420,301,9
3187,644,6,9
3188,420,18,9
3189,150,228,9
3190,380,60,9
3191,115,48,9
3192,79,40,9
3193,79,40,9
3194,50,232,9
3195,200,38,9
3196,420,18,9
3197,150,228,9
3198,420,301,9
3199,115,48,9
3200,78,75,9
3201,420,301,9
3202,50,232,9
3203,78,75,9
3204,78,75,9
3205,335,21,9
3206,644,6,9
3207,200,38,9
3208,200,38,9
3209,95,41,9
3210,420,301,9
3211,115,48,9
3212,150,228,9
3213,79,40,9
3214,644,6,9
3215,95,41,9
3216,380,60,9
3217,95,41,62
3218,420,301,62
3219,380,60,62
3220,644,6,62
3221,335,21,62
3222,50,232,62
3223,95,41,62
3224,644,6,62
3225,420,18,62
3226,380,60,62
3227,50,232,62
3228,114,316,62
3229,644,6,62
3230,150,228,62
3231,95,41,62
3232,50,232,62
3233,114,316,62
3234,79,40,62
3235,420,18,62
3236,114,316,62
3237,420,301,62
3238,79,40,62
3239,335,21,62
3240,79,40,62
3241,150,228,62
3242,78,75,62
3243,420,301,62
3244,50,232,62
3245,95,41,62
3246,335,21,62
3247,420,301,62
3248,150,228,62
3249,50,232,62
3250,335,21,62
3251,50,232,62
3252,644,6,62
3253,644,6,62
3254,200,38,62
3255,420,18,62
3256,420,18,62
3257,150,228,62
3258,78,75,62
3259,50,232,62
3260,150,228,62
3261,150,228,62
3262,200,38,62
3263,114,316,62
3264,115,48,62
3265,420,301,62
3266,150,228,62
3267,200,38,62
3268,79,40,62
3269,335,21,62
3270,95,41,62
3271,114,316,62
3272,644,6,62
3273,79,40,62
3274,95,41,62
3275,50,232,62
3276,114,316,62
3277,420,301,62
3278,380,60,62
3279,380,60,62
3280,115,48,62
3281,114,316,62
3282,380,60,113
3283,114,316,113
3284,114,316,113
3285,114,316,113
3286,50,232,113
3287,380,60,113
3288,114,316,113
3289,150,228,113
3290,95,41,113
3291,115,48,113
3292,420,18,113
3293,420,18,113
3294,78,75,113
3295,150,228,113
3296,50,232,113
3297,335,21,113
3298,335,21,113
3299,644,6,113
3300,380,60,113
3301,50,232,113
3302,420,18,113
3303,78,75,113
3304,200,38,113
3305,644,6,113
3306,114,316,113
3307,78,75,113
3308,380,60,113
3309,79,40,113
3310,95,41,113
3311,200,38,113
3312,150,228,113
3313,644,6,113
3314,644,6,113
3315,380,60,113
3316,114,316,113
3317,78,75,113
3318,420,18,113
3319,95,41,113
3320,150,228,113
3321,115,48,113
3322,50,232,113
3323,78,75,113
3324,420,301,113
3325,150,228,104
3326,380,60,104
3327,420,18,104
3328,78,75,104
3329,420,301,104
3330,420,301,104
3331,50,232,104
3332,114,316,104
3333,420,301,104
3334,335,21,104
3335,114,316,104
3336,95,41,104
3337,420,18,104
3338,200,38,104
3339,114,316,104
3340,380,60,104
3341,380,60,104
3342,380,60,104
3343,380,60,104
3344,380,60,104
3345,420,18,104
3346,79,40,104
3347,380,60,104
3348,200,38,104
3349,150,228,104
3350,95,41,104
3351,150,228,104
3352,420,301,104
3353,79,40,104
3354,95,41,104
3355,380,60,104
3356,420,18,104
3357,78,75,104
3358,420,301,104
3359,420,18,104
3360,380,60,104
3361,79,40,104
3362,78,75,104
3363,200,38,104
3364,644,6,104
3365,335,21,104
3366,78,75,104
3367,95,41,104
3368,200,38,104
3369,200,38,104
3370,335,21,104
3371,150,228,104
3372,150,228,104
3373,114,316,104
3374,95,41,104
3375,95,41,104
3376,150,228,104
3377,114,316,104
3378,644,6,104
3379,420,18,104
3380,115,48,104
3381,95,41,104
3382,50,232,104
3383,335,21,104
3384,114,316,104
3385,200,38,104
3386,150,228,104
3387,50,232,104
3388,200,38,104
3389,95,41,104
3390,78,75,104
3391,50,232,104
3392,150,228,104
3393,78,75,104
3394,335,21,104
3395,150,228,104
3396,420,18,104
3397,335,21,104
3398,200,38,104
3399,95,41,104
3400,95,41,104
3401,95,41,104
3402,200,38,104
3403,200,38,104
3404,335,21,104
3405,420,301,107
3406,644,6,107
3407,95,41,107
3408,420,301,107
3409,420,18,107
3410,78,75,107
3411,644,6,107
3412,78,75,107
3413,335,21,107
3414,150,228,107
3415,200,38,107
3416,78,75,107
3417,420,301,107
3418,380,60,107
3419,95,41,107
3420,420,301,107
3421,95,41,107
3422,200,38,107
3423,380,60,107
3424,380,60,107
3425,644,6,107
3426,114,316,107
3427,114,316,107
3428,79,40,107
3429,420,18,107
3430,335,21,107
3431,114,316,107
3432,79,40,107
3433,95,41,107
3434,50,232,107
3435,644,6,107
3436,644,6,107
3437,50,232,107
3438,95,41,107
3439,114,316,107
3440,644,6,107
3441,79,40,107
3442,114,316,107
3443,78,75,107
3444,115,48,107
3445,380,60,107
3446,200,38,107
3447,115,48,107
3448,335,21,107
3449,150,228,107
3450,50,232,107
3451,50,232,107
3452,200,38,107
3453,420,18,107
3454,95,41,107
3455,150,228,107
3456,335,21,107
3457,420,18,107
3458,380,60,107
3459,380,60,107
3460,335,21,107
3461,114,316,107
3462,200,38,107
3463,380,60,107
3464,420,18,107
3465,380,60,13
3466,420,18,13
3467,420,18,13
3468,78,75,13
3469,50,232,13
3470,420,18,13
3471,79,40,13
3472,380,60,13
3473,420,18,13
3474,50,232,13
3475,335,21,13
3476,79,40,13
3477,79,40,13
3478,79,40,13
3479,335,21,13
3480,200,38,13
3481,335,21,13
3482,95,41,13
3483,95,41,13
3484,200,38,83
3485,420,301,83
3486,150,228,83
3487,150,228,83
3488,335,21,83
3489,644,6,83
3490,115,48,83
3491,115,48,83
3492,380,60,83
3493,420,301,83
3494,420,301,83
3495,335,21,83
3496,150,228,83
3497,150,228,83
3498,420,18,83
3499,420,301,83
3500,78,75,83
3501,115,48,83
3502,200,38,83
3503,644,6,83
3504,79,40,83
3505,95,41,83
3506,95,41,83
3507,114,316,83
3508,150,228,83
3509,380,60,83
3510,78,75,83
3511,644,6,83
3512,644,6,83
3513,95,41,83
3514,420,301,83
3515,200,38,83
3516,644,6,83
3517,115,48,83
3518,644,6,83
3519,200,38,83
3520,115,48,83
3521,380,60,83
3522,114,316,83
3523,420,18,83
3524,335,21,83
3525,95,41,83
3526,200,38,83
3527,644,6,83
3528,200,38,83
3529,79,40,83
3530,420,301,83
3531,335,21,83
3532,50,232,83
3533,50,232,83
3534,335,21,83
3535,335,21,83
3536,79,40,83
3537,380,60,83
3538,50,232,83
3539,420,18,83
3540,335,21,83
3541,50,232,83
3542,420,18,83
3543,335,21,83
3544,150,228,25
3545,95,41,25
3546,95,41,25
3547,200,38,25
3548,115,48,25
3549,420,301,25
3550,114,316,25
3551,420,18,25
3552,95,41,25
3553,150,228,25
3554,79,40,25
3555,150,228,25
3556,644,6,25
3557,79,40,25
3558,644,6,25
3559,95,41,25
3560,644,6,25
3561,335,21,25
3562,200,38,25
3563,50,232,25
3564,95,41,25
3565,115,48,25
3566,335,21,25
3567,644,6,25
3568,95,41,25
3569,79,40,25
3570,335,21,25
3571,79,40,25
3572,95,41,25
3573,95,41,25
3574,420,301,25
3575,50,232,42
3576,644,6,42
3577,95,41,42
3578,95,41,42
3579,114,316,42
3580,335,21,42
3581,115,48,42
3582,420,18,42
3583,644,6,42
3584,150,228,42
3585,78,75,42
3586,420,18,42
3587,335,21,42
3588,644,6,42
3589,115,48,42
3590,335,21,42
3591,200,38,42
3592,150,228,42
3593,420,18,42
3594,79,40,99
3595,79,40,99
3596,420,301,99
3597,114,316,99
3598,420,301,99
3599,50,232,99
3600,644,6,99
3601,644,6,99
3602,79,40,99
3603,114,316,99
3604,200,38,99
3605,335,21,99
3606,150,228,99
3607,114,316,99
3608,380,60,99
3609,115,48,99
3610,50,232,99
3611,420,18,99
3612,420,301,99
3613,78,75,99
3614,50,232,99
3615,380,60,99
3616,644,6,99
3617,420,18,99
3618,380,60,99
3619,380,60,99
3620,200,38,99
3621,150,228,99
3622,79,40,99
3623,79,40,99
3624,115,48,99
3625,420,301,99
3626,420,301,99
3627,335,21,99
3628,95,41,99
3629,79,40,99
3630,420,18,99
3631,115,48,99
3632,79,40,99
3633,95,41,99
3634,335,21,99
3635,420,301,99
3636,380,60,99
3637,644,6,99
3638,79,40,99
3639,335,21,99
3640,380,60,99
3641,200,38,99
3642,200,38,99
3643,335,21,99
3644,335,21,99
3645,335,21,99
3646,150,228,99
3647,200,38,99
3648,200,38,99
3649,95,41,99
3650,150,228,99
3651,380,60,99
3652,200,38,99
3653,50,232,43
3654,150,228,43
3655,150,228,43
3656,380,60,43
3657,78,75,43
3658,200,38,43
3659,50,232,43
3660,644,6,43
3661,114,316,43
3662,200,38,43
3663,95,41,43
3664,78,75,43
3665,50,232,43
3666,644,6,43
3667,200,38,26
3668,200,38,26
3669,115,48,26
3670,115,48,26
3671,115,48,26
3672,114,316,26
3673,114,316,26
3674,114,316,26
3675,380,60,26
3676,78,75,26
3677,644,6,26
3678,644,6,26
3679,150,228,26
3680,380,60,26
3681,200,38,26
3682,78,75,26
3683,115,48,26
3684,644,6,26
3685,114,316,26
3686,644,6,26
3687,644,6,26
3688,78,75,26
3689,78,75,26
3690,420,18,26
3691,114,316,26
3692,200,38,26
3693,380,60,26
3694,420,301,26
3695,335,21,26
3696,380,60,26
3697,380,60,26
3698,95,41,26
3699,150,228,26
3700,420,18,26
3701,78,75,26
3702,79,40,26
3703,150,228,26
3704,114,316,26
3705,420,18,26
3706,95,41,26
3707,420,301,26
3708,420,18,26
3709,95,41,26
3710,115,48,26
3711,420,301,26
3712,420,301,26
3713,95,41,26
3714,420,18,26
3715,114,316,26
3716,420,18,26
3717,335,21,26
3718,150,228,26
3719,420,18,26
3720,335,21,26
3721,50,232,26
3722,150,228,26
3723,95,41,26
3724,95,41,26
3725,95,41,26
3726,380,60,26
3727,644,6,26
3728,644,6,26
3729,644,6,26
3730,50,232,26
3731,420,18,26
3732,78,75,26
3733,335,21,26
3734,78,75,26
3735,420,301,26
3736,200,38,26
3737,79,40,26
3738,79,40,26
3739,95,41,26
3740,114,316,26
3741,150,228,26
3742,644,6,26
3743,95,41,26
3744,335,21,26
3745,335,21,26
3746,335,21,26
3747,79,40,26
3748,95,41,26
3749,78,75,26
3750,115,48,26
3751,380,60,26
3752,50,232,26
3753,644,6,95
3754,200,38,95
3755,114,316,95
3756,380,60,95
3757,200,38,95
3758,114,316,95
3759,380,60,95
3760,420,18,95
3761,50,232,95
3762,380,60,95
3763,79,40,95
3764,150,228,95
3765,200,38,95
3766,420,301,95
3767,420,18,95
3768,420,301,95
3769,644,6,95
3770,50,232,95
3771,95,41,95
3772,420,18,95
3773,200,38,95
3774,420,301,95
3775,79,40,95
3776,95,41,95
3777,644,6,95
3778,114,316,95
3779,95,41,95
3780,200,38,112
3781,200,38,112
3782,150,228,112
3783,79,40,112
3784,115,48,112
3785,380,60,112
3786,50,232,112
3787,150,228,112
3788,200,38,112
3789,115,48,112
3790,78,75,112
3791,420,18,112
3792,420,18,112
3793,200,38,112
3794,78,75,112
3795,79,40,112
3796,78,75,112
3797,644,6,112
3798,78,75,112
3799,644,6,112
3800,50,232,112
3801,95,41,112
3802,335,21,112
3803,335,21,112
3804,420,18,112
3805,115,48,112
3806,380,60,112
3807,420,18,112
3808,335,21,112
3809,78,75,112
3810,420,301,112
3811,115,48,112
3812,200,38,112
3813,95,41,112
3814,150,228,112
3815,114,316,112
3816,78,75,112
3817,114,316,112
3818,380,60,112
3819,200,38,112
3820,335,21,112
3821,115,48,112
3822,95,41,112
3823,79,40,112
3824,150,228,112
3825,79,40,112
3826,150,228,67
3827,95,41,67
3828,420,301,67
3829,150,228,67
3830,200,38,67
3831,420,18,67
3832,78,75,67
3833,115,48,67
3834,335,21,67
3835,95,41,67
3836,644,6,67
3837,200,38,67
3838,420,301,67
3839,644,6,67
3840,50,232,67
3841,420,18,67
3842,200,38,67
3843,79,40,67
3844,50,232,67
3845,644,6,67
3846,200,38,67
3847,380,60,67
3848,380,60,67
3849,380,60,67
3850,150,228,67
3851,420,18,67
3852,78,75,67
3853,420,18,67
3854,50,232,67
3855,200,38,67
3856,150,228,67
3857,420,301,67
3858,420,301,67
3859,115,48,67
3860,115,48,67
3861,78,75,67
3862,380,60,67
3863,95,41,67
3864,95,41,67
3865,114,316,67
3866,50,232,67
3867,115,48,67
3868,644,6,67
3869,115,48,67
3870,380,60,67
3871,78,75,67
3872,380,60,67
3873,50,232,67
3874,200,38,67
3875,115,48,67
3876,50,232,67
3877,380,60,67
3878,420,18,67
3879,115,48,67
3880,420,18,67
3881,78,75,67
3882,420,301,67
3883,644,6,67
3884,644,6,67
3885,115,48,67
3886,79,40,67
3887,335,21,18
3888,644,6,18
3889,79,40,18
3890,420,301,18
3891,644,6,18
3892,50,232,18
3893,420,18,18
3894,115,48,18
3895,380,60,18
3896,644,6,18
3897,78,75,18
3898,420,301,18
3899,115,48,18
3900,380,60,18
3901,380,60,18
3902,420,18,18
3903,95,41,18
3904,150,228,18
3905,420,301,18
3906,79,40,18
3907,79,40,18
3908,114,316,18
3909,50,232,18
3910,115,48,18
3911,420,301,18
3912,115,48,18
3913,380,60,18
3914,114,316,18
3915,644,6,18
3916,78,75,18
3917,380,60,18
3918,335,21,18
3919,78,75,18
3920,78,75,18
3921,50,232,18
3922,78,75,18
3923,50,232,18
3924,644,6,18
3925,95,41,18
3926,115,48,18
3927,644,6,18
3928,95,41,18
3929,420,18,18
3930,380,60,18
3931,78,75,18
3932,420,301,18
3933,114,316,18
3934,95,41,18
3935,95,41,18
3936,79,40,18
3937,114,316,18
3938,150,228,18
3939,420,18,18
3940,380,60,18
3941,79,40,18
3942,114,316,18
3943,420,18,18
3944,50,232,18
3945,115,48,18
3946,420,18,18
3947,150,228,18
3948,420,18,18
3949,200,38,18
3950,150,228,18
3951,644,6,18
3952,335,21,18
3953,150,228,18
3954,50,232,18
3955,335,21,18
3956,335,21,18
3957,79,40,18
3958,200,38,18
3959,420,301,18
3960,95,41,18
3961,150,228,18
3962,420,301,18
3963,420,18,18
3964,115,48,18
3965,644,6,18
3966,150,228,14
3967,150,228,14
3968,79,40,14
3969,78,75,14
3970,95,41,14
3971,420,301,14
3972,420,301,14
3973,115,48,14
3974,380,60,14
3975,335,21,14
3976,380,60,14
3977,95,41,14
3978,200,38,14
3979,50,232,14
3980,335,21,14
3981,79,40,14
3982,644,6,14
3983,78,75,14
3984,200,38,14
3985,200,38,14
3986,335,21,14
3987,380,60,14
3988,115,48,14
3989,50,232,14
3990,644,6,14
3991,200,38,14
3992,115,48,14
3993,335,21,14
3994,150,228,14
3995,380,60,14
3996,114,316,14
3997,420,301,14
3998,79,40,14
3999,420,18,14
4000,380,60,14
4001,150,228,14
4002,150,228,14
4003,200,38,14
4004,200,38,14
4005,79,40,14
4006,95,41,14
4007,50,232,14
4008,114,316,14
4009,420,301,14
4010,114,316,14
4011,50,232,14
4012,644,6,14
4013,150,228,14
4014,50,232,14
4015,200,38,14
4016,644,6,98
4017,50,232,98
4018,380,60,98
4019,50,232,98
4020,78,75,98
4021,150,228,98
4022,95,41,98
4023,420,301,22
4024,78,75,22
4025,50,232,22
4026,200,38,22
4027,79,40,22
4028,78,75,22
4029,150,228,22
4030,420,18,22
4031,114,316,22
4032,644,6,22
4033,79,40,22
4034,644,6,22
4035,95,41,22
4036,150,228,79
4037,420,18,79
4038,644,6,79
4039,114,316,79
4040,420,18,79
4041,150,228,79
4042,380,60,79
4043,95,41,79
4044,50,232,79
4045,420,301,79
4046,200,38,79
4047,115,48,79
4048,380,60,79
4049,200,38,79
4050,79,40,79
4051,78,75,79
4052,79,40,79
4053,78,75,79
4054,78,75,79
4055,200,38,79
4056,335,21,79
4057,200,38,79
4058,335,21,79
4059,78,75,79
4060,50,232,28
4061,78,75,28
4062,114,316,28
4063,78,75,28
4064,95,41,28
4065,78,75,28
4066,114,316,28
4067,115,48,28
4068,78,75,28
4069,115,48,28
4070,420,301,28
4071,150,228,28
4072,420,18,28
4073,644,6,28
4074,114,316,28
4075,114,316,28
4076,79,40,28
4077,200,38,28
4078,200,38,28
4079,380,60,28
4080,380,60,28
4081,200,38,28
4082,78,75,28
4083,115,48,28
4084,335,21,28
4085,335,21,28
4086,420,301,28
4087,95,41,28
4088,95,41,28
4089,380,60,28
4090,150,228,28
4091,115,48,109
4092,115,48,109
4093,200,38,109
4094,50,232,109
4095,115,48,109
4096,644,6,109
4097,95,41,109
4098,115,48,109
4099,115,48,109
4100,644,6,109
4101,79,40,109
4102,380,60,109
4103,420,18,109
4104,644,6,109
4105,79,40,109
4106,95,41,109
4107,200,38,109
4108,420,301,109
4109,644,6,109
4110,150,228,109
4111,50,232,109
4112,644,6,109
4113,79,40,109
4114,644,6,109
4115,200,38,109
4116,78,75,109
4117,115,48,109
4118,420,301,109
4119,200,38,39
4120,78,75,39
4121,644,6,39
4122,114,316,39
4123,335,21,39
4124,50,232,39
4125,335,21,39
4126,200,38,39
4127,79,40,39
4128,114,316,39
4129,150,228,39
4130,79,40,39
4131,644,6,39
4132,79,40,39
4133,115,48,39
4134,644,6,39
4135,114,316,39
4136,78,75,39
4137,79,40,39
4138,79,40,39
4139,78,75,39
4140,335,21,39
4141,200,38,39
4142,78,75,39
4143,115,48,39
4144,79,40,39
4145,335,21,39
4146,95,41,39
4147,150,228,39
4148,50,232,39
4149,78,75,39
4150,420,18,39
4151,150,228,39
4152,78,75,39
4153,50,232,39
4154,644,6,39
4155,50,232,39
4156,420,18,39
4157,200,38,39
4158,335,21,39
4159,150,228,39
4160,644,6,39
4161,380,60,39
4162,150,228,39
4163,95,41,39
4164,50,232,80
4165,420,18,80
4166,644,6,80
4167,335,21,80
4168,115,48,80
4169,78,75,80
4170,95,41,80
4171,78,75,88
4172,78,75,88
4173,644,6,88
4174,335,21,88
4175,95,41,88
4176,50,232,88
4177,644,6,88
4178,79,40,88
4179,78,75,88
4180,50,232,88
4181,79,40,88
4182,150,228,88
4183,50,232,88
4184,335,21,88
4185,50,232,88
4186,420,18,88
4187,95,41,88
4188,420,301,88
4189,420,18,88
4190,644,6,88
4191,95,41,88
4192,380,60,88
4193,420,18,88
4194,79,40,88
4195,114,316,88
4196,420,18,88
4197,380,60,88
4198,335,21,88
4199,644,6,88
4200,78,75,88
4201,50,232,88
4202,644,6,88
4203,78,75,88
4204,78,75,88
4205,335,21,88
4206,79,40,88
4207,150,228,88
4208,200,38,88
4209,114,316,88
4210,114,316,88
4211,420,18,88
4212,420,18,88
4213,380,60,88
4214,78,75,88
4215,79,40,88
4216,115,48,88
4217,420,18,88
4218,114,316,88
4219,420,18,88
4220,200,38,88
4221,150,228,88
4222,380,60,88
4223,150,228,88
4224,50,232,88
4225,50,232,88
4226,115,48,88
4227,78,75,88
4228,95,41,88
4229,420,301,88
4230,644,6,88
4231,95,41,88
4232,380,60,88
4233,420,18,88
4234,95,41,88
4235,115,48,88
4236,200,38,88
4237,79,40,84
4238,380,60,84
4239,115,48,84
4240,644,6,84
4241,420,301,84
4242,380,60,84
4243,420,301,84
4244,420,301,84
4245,50,232,84
4246,420,18,84
4247,150,228,84
4248,420,301,84
4249,200,38,84
4250,644,6,84
4251,95,41,84
4252,50,232,84
4253,150,228,84
4254,200,38,84
4255,150,228,84
4256,79,40,84
4257,200,38,84
4258,200,38,84
4259,644,6,84
4260,79,40,84
4261,420,301,84
4262,380,60,84
4263,95,41,84
4264,644,6,84
4265,420,18,84
4266,114,316,84
4267,150,228,84
4268,95,41,84
4269,200,38,84
4270,79,40,84
4271,115,48,84
4272,78,75,84
4273,78,75,84
4274,420,18,84
4275,420,301,84
4276,50,232,84
4277,200,38,84
4278,95,41,84
4279,115,48,84
4280,115,48,84
4281,95,41,84
4282,50,232,84
4283,79,40,84
4284,200,38,84
4285,335,21,84
4286,420,18,84
4287,380,60,84
4288,115,48,84
4289,79,40,84
4290,380,60,84
4291,150,228,84
4292,644,6,84
4293,335,21,84
4294,335,21,84
4295,420,18,84
4296,79,40,84
4297,50,232,84
4298,78,75,84
4299,150,228,84
4300,420,18,84
4301,200,38,84
4302,200,38,84
4303,420,18,84
4304,335,21,84
4305,95,41,84
4306,644,6,21
4307,114,316,21
4308,420,18,21
4309,380,60,21
4310,335,21,21
4311,380,60,21
4312,115,48,21
4313,380,60,21
4314,150,228,21
4315,420,301,21
4316,420,301,21
4317,79,40,21
4318,335,21,21
4319,644,6,21
4320,78,75,21
4321,78,75,21
4322,644,6,21
4323,335,21,21
4324,420,18,21
4325,335,21,21
4326,115,48,21
4327,644,6,21
4328,420,18,21
4329,79,40,21
4330,420,18,21
4331,79,40,21
4332,420,301,21
4333,200,38,21
4334,380,60,21
4335,644,6,21
4336,78,75,21
4337,420,301,21
4338,114,316,21
4339,420,18,21
4340,335,21,21
4341,78,75,21
4342,420,301,21
4343,420,301,21
4344,115,48,21
4345,95,41,21
4346,79,40,21
4347,335,21,21
4348,150,228,21
4349,115,48,21
4350,335,21,21
4351,150,228,21
4352,115,48,21
4353,200,38,21
4354,78,75,21
4355,420,301,21
4356,95,41,21
4357,115,48,21
4358,420,301,21
4359,115,48,21
4360,150,228,21
4361,150,228,21
4362,50,232,21
4363,95,41,21
4364,644,6,21
4365,95,41,21
4366,115,48,21
4367,78,75,21
4368,420,18,21
4369,200,38,21
4370,420,18,21
4371,200,38,21
4372,114,316,52
4373,78,75,52
4374,114,316,52
4375,420,18,52
4376,79,40,52
4377,50,232,52
4378,78,75,52
4379,150,228,52
4380,644,6,52
4381,114,316,52
4382,79,40,52
4383,79,40,52
4384,420,301,52
4385,78,75,52
4386,114,316,52
4387,335,21,52
4388,380,60,52
4389,200,38,52
4390,644,6,52
4391,79,40,52
4392,95,41,53
4393,79,40,53
4394,420,301,53
4395,78,75,53
4396,79,40,53
4397,114,316,53
4398,335,21,53
4399,115,48,53
4400,644,6,53
4401,95,41,53
4402,335,21,53
4403,78,75,53
4404,420,18,53
4405,79,40,53
4406,200,38,53
4407,644,6,53
4408,420,18,31
4409,420,18,31
4410,78,75,31
4411,95,41,31
4412,95,41,31
4413,420,301,31
4414,79,40,31
4415,335,21,31
4416,150,228,31
4417,78,75,31
4418,115,48,31
4419,150,228,31
4420,79,40,31
4421,420,301,31
4422,200,38,31
4423,114,316,31
4424,200,38,31
4425,335,21,31
4426,420,18,31
4427,644,6,31
4428,95,41,31
4429,380,60,31
4430,644,6,31
4431,50,232,31
4432,114,316,31
4433,644,6,73
4434,420,18,73
4435,200,38,73
4436,644,6,73
4437,79,40,73
4438,95,41,73
4439,420,18,73
4440,79,40,73
4441,150,228,73
4442,380,60,73
4443,78,75,73
4444,335,21,73
4445,114,316,73
4446,150,228,73
4447,335,21,73
4448,200,38,73
4449,420,301,73
4450,115,48,73
4451,50,232,73
4452,50,232,73
4453,335,21,73
4454,335,21,73
4455,420,18,73
4456,200,38,73
4457,200,38,73
4458,380,60,73
4459,150,228,73
4460,200,38,73
4461,95,41,73
4462,380,60,73
4463,200,38,73
4464,95,41,73
4465,420,301,73
4466,380,60,73
4467,95,41,73
4468,78,75,73
4469,78,75,73
4470,380,60,73
4471,79,40,73
4472,114,316,73
4473,420,18,73
4474,200,38,73
4475,78,75,73
4476,50,232,73
4477,420,18,73
4478,420,18,73
4479,420,18,73
4480,114,316,73
4481,380,60,73
4482,644,6,73
4483,380,60,73
4484,150,228,73
4485,200,38,73
4486,114,316,73
4487,644,6,73
4488,115,48,73
4489,200,38,73
4490,50,232,73
4491,114,316,73
4492,114,316,73
4493,95,41,73
4494,644,6,73
4495,420,18,73
4496,644,6,73
4497,380,60,73
4498,380,60,73
4499,644,6,73
4500,115,48,73
4501,420,18,73
4502,79,40,73
4503,200,38,73
4504,200,38,73
4505,380,60,73
4506,335,21,73
4507,335,21,73
4508,114,316,73
4509,79,40,73
4510,200,38,73
4511,95,41,73
4512,78,75,73
4513,79,40,73
4514,644,6,73
4515,114,316,73
4516,380,60,73
4517,114,316,73
4518,150,228,73
4519,420,18,73
4520,644,6,73
4521,420,301,73
4522,150,228,73
4523,644,6,37
4524,50,232,37
4525,50,232,37
4526,644,6,37
4527,95,41,37
4528,95,41,37
4529,420,18,37
4530,50,232,37
4531,380,60,37
4532,95,41,37
4533,335,21,37
4534,150,228,37
4535,644,6,37
4536,79,40,37
4537,78,75,37
4538,114,316,37
4539,420,301,37
4540,200,38,37
4541,335,21,37
4542,420,301,37
4543,420,301,37
4544,335,21,37
4545,79,40,37
4546,335,21,37
4547,78,75,37
4548,420,18,37
4549,79,40,37
4550,644,6,37
4551,114,316,37
4552,335,21,37
4553,114,316,37
4554,150,228,37
4555,644,6,37
4556,380,60,37
4557,50,232,37
4558,115,48,37
4559,644,6,37
4560,78,75,37
4561,95,41,37
4562,380,60,37
4563,95,41,37
4564,380,60,37
4565,95,41,37
4566,95,41,37
4567,50,232,37
4568,95,41,37
4569,335,21,37
4570,380,60,37
4571,114,316,37
4572,79,40,37
4573,335,21,37
4574,79,40,37
4575,115,48,37
4576,380,60,37
4577,380,60,37
4578,115,48,37
4579,420,301,37
4580,50,232,37
4581,115,48,37
4582,95,41,37
4583,644,6,37
4584,335,21,37
4585,335,21,37
4586,644,6,37
4587,150,228,37
4588,420,18,37
4589,115,48,37
4590,50,232,37
4591,50,232,87
4592,115,48,87
4593,95,41,87
4594,95,41,87
4595,50,232,38
4596,79,40,38
4597,79,40,38
4598,644,6,38
4599,78,75,38
4600,644,6,38
4601,79,40,38
4602,335,21,38
4603,79,40,38
4604,150,228,38
4605,114,316,38
4606,78,75,38
4607,200,38,38
4608,95,41,38
4609,150,228,38
4610,114,316,38
4611,50,232,38
4612,150,228,38
4613,78,75,38
4614,644,6,38
4615,50,232,38
4616,150,228,38
4617,420,18,38
4618,95,41,38
4619,420,301,38
4620,335,21,38
4621,79,40,38
4622,335,21,38
4623,380,60,38
4624,150,228,38
4625,644,6,38
4626,95,41,38
4627,420,18,38
4628,95,41,38
4629,115,48,38
4630,420,18,38
4631,115,48,38
4632,150,228,38
4633,200,38,38
4634,150,228,38
4635,420,301,38
4636,644,6,38
4637,150,228,38
4638,78,75,38
4639,95,41,38
4640,380,60,38
4641,114,316,38
4642,200,38,38
4643,95,41,38
4644,114,316,38
4645,79,40,38
4646,79,40,38
4647,115,48,38
4648,115,48,38
4649,114,316,38
4650,335,21,38
4651,114,316,38
4652,644,6,38
4653,79,40,38
4654,79,40,38
4655,150,228,38
4656,95,41,38
4657,150,228,38
4658,78,75,38
4659,150,228,38
4660,200,38,38
4661,420,18,38
4662,200,38,38
4663,644,6,38
4664,79,40,38
4665,420,18,38
4666,114,316,38
4667,95,41,38
4668,78,75,38
4669,420,301,38
4670,50,232,38
4671,115,48,38
4672,79,40,38
4673,335,21,38
4674,78,75,38
4675,644,6,38
4676,115,48,38
4677,200,38,38
4678,644,6,58
4679,78,75,58
4680,114,316,58
4681,114,316,58
4682,644,6,58
4683,420,18,58
4684,420,18,58
4685,50,232,58
4686,115,48,58
4687,50,232,58
4688,50,232,58
4689,79,40,58
4690,420,18,58
4691,78,75,58
4692,420,301,58
4693,335,21,58
4694,79,40,58
4695,150,228,58
4696,50,232,58
4697,114,316,58
4698,114,316,58
4699,115,48,58
4700,380,60,58
4701,200,38,58
4702,50,232,58
4703,150,228,58
4704,335,21,58
4705,78,75,58
4706,200,38,58
4707,95,41,58
4708,115,48,58
4709,79,40,58
4710,95,41,58
4711,200,38,58
4712,420,18,58
4713,115,48,58
4714,95,41,58
4715,335,21,58
4716,79,40,58
4717,78,75,58
4718,644,6,58
4719,200,38,58
4720,79,40,58
4721,335,21,58
4722,335,21,58
4723,644,6,58
4724,79,40,58
4725,380,60,58
4726,150,228,58
4727,335,21,58
4728,200,38,58
4729,380,60,58
4730,114,316,58
4731,150,228,34
4732,380,60,34
4733,420,301,34
4734,644,6,34
4735,380,60,34
4736,78,75,34
4737,115,48,34
4738,420,18,34
4739,79,40,34
4740,50,232,34
4741,79,40,34
4742,115,48,34
4743,95,41,34
4744,150,228,34
4745,420,301,34
4746,114,316,34
4747,114,316,34
4748,114,316,34
4749,78,75,34
4750,644,6,34
4751,50,232,34
4752,335,21,34
4753,644,6,34
4754,335,21,34
4755,114,316,34
4756,50,232,34
4757,95,41,34
4758,644,6,34
4759,115,48,34
4760,420,18,34
4761,78,75,34
4762,200,38,34
4763,114,316,34
4764,420,301,34
4765,79,40,34
4766,200,38,34
4767,380,60,34
4768,150,228,34
4769,79,40,34
4770,78,75,34
4771,114,316,34
4772,114,316,34
4773,95,41,34
4774,420,18,34
4775,115,48,34
4776,644,6,34
4777,50,232,34
4778,200,38,34
4779,150,228,34
4780,50,232,34
4781,79,40,34
4782,420,301,34
4783,644,6,34
4784,95,41,34
4785,50,232,34
4786,150,228,34
4787,79,40,34
4788,79,40,34
4789,150,228,34
4790,150,228,34
4791,95,41,34
4792,150,228,34
4793,420,18,34
4794,335,21,34
4795,95,41,34
4796,95,41,34
4797,95,41,34
4798,644,6,34
4799,200,38,34
4800,114,316,34
4801,78,75,34
4802,78,75,34
4803,115,48,34
4804,79,40,34
4805,420,18,34
4806,644,6,34
4807,95,41,34
4808,78,75,34
4809,200,38,34
4810,200,38,34
4811,50,232,34
4812,420,301,34
4813,78,75,63
4814,644,6,63
4815,150,228,63
4816,114,316,63
4817,79,40,63
4818,420,18,63
4819,380,60,63
4820,335,21,63
4821,380,60,63
4822,79,40,63
4823,200,38,63
4824,114,316,63
4825,150,228,63
4826,420,301,63
4827,335,21,63
4828,150,228,63
4829,50,232,63
4830,50,232,63
4831,114,316,63
4832,50,232,63
4833,95,41,63
4834,420,18,63
4835,78,75,63
4836,95,41,63
4837,380,60,63
4838,78,75,63
4839,114,316,63
4840,150,228,63
4841,150,228,63
4842,79,40,63
4843,114,316,63
4844,114,316,63
4845,95,41,63
4846,115,48,63
4847,115,48,63
4848,150,228,63
4849,420,301,63
4850,420,18,63
4851,78,75,63
4852,335,21,63
4853,95,41,63
4854,335,21,63
4855,78,75,63
4856,335,21,63
4857,50,232,63
4858,420,18,63
4859,644,6,63
4860,150,228,63
4861,644,6,63
4862,114,316,63
4863,420,301,63
4864,95,41,63
4865,50,232,63
4866,420,301,63
4867,50,232,63
4868,95,41,63
4869,380,60,63
4870,380,60,63
4871,335,21,63
4872,95,41,63
4873,78,75,63
4874,50,232,63
4875,420,18,63
4876,95,41,63
4877,95,41,63
4878,420,301,63
4879,335,21,63
4880,644,6,63
4881,114,316,63
4882,335,21,63
4883,200,38,63
4884,420,18,63
4885,95,41,63
4886,200,38,63
4887,79,40,63
4888,200,38,63
4889,79,40,63
4890,79,40,63
4891,420,18,63
4892,79,40,63
4893,420,18,63
4894,150,228,63
4895,150,228,63
4896,95,41,64
4897,114,316,64
4898,79,40,64
4899,644,6,64
4900,79,40,64
4901,380,60,64
4902,95,41,64
4903,200,38,64
4904,95,41,64
4905,380,60,64
4906,420,301,64
4907,50,232,64
4908,335,21,64
4909,50,232,64
4910,50,232,64
4911,50,232,64
4912,644,6,64
4913,335,21,64
4914,644,6,64
4915,95,41,64
4916,95,41,64
4917,79,40,64
4918,114,316,64
4919,114,316,64
4920,114,316,64
4921,50,232,64
4922,420,18,64
4923,50,232,64
4924,420,301,64
4925,78,75,64
4926,150,228,64
4927,420,18,64
4928,420,301,64
4929,335,21,64
4930,335,21,64
4931,78,75,64
4932,150,228,64
4933,380,60,64
4934,200,38,64
4935,200,38,64
4936,335,21,64
4937,50,232,64
4938,420,18,64
4939,79,40,64
4940,150,228,64
4941,644,6,64
4942,335,21,64
4943,150,228,64
4944,335,21,64
4945,200,38,64
4946,200,38,64
4947,380,60,64
4948,420,301,64
4949,644,6,64
4950,79,40,64
4951,79,40,64
4952,78,75,64
4953,115,48,64
4954,200,38,64
4955,380,60,64
4956,95,41,64
4957,420,18,64
4958,114,316,64
4959,420,18,64
4960,79,40,64
4961,50,232,64
4962,644,6,64
4963,420,18,64
4964,115,48,64
4965,200,38,64
4966,79,40,64
4967,420,301,64
4968,335,21,64
4969,95,41,64
4970,644,6,64
4971,644,6,64
4972,95,41,64
4973,200,38,64
4974,50,232,64
4975,380,60,64
4976,115,48,64
4977,335,21,64
4978,335,21,64
4979,420,18,64
4980,335,21,64
4981,380,60,64
4982,115,48,64
4983,420,18,64
4984,114,316,59
4985,114,316,59
4986,115,48,59
4987,150,228,59
4988,115,48,59
4989,420,301,59
4990,420,18,59
4991,420,301,48
4992,335,21,48
4993,50,232,48
4994,78,75,48
4995,380,60,48
4996,380,60,48
4997,335,21,48
4998,78,75,48
4999,380,60,48
5000,200,38,48
5001,95,41,48
5002,50,232,48
5003,420,18,48
5004,644,6,48
5005,79,40,48
5006,200,38,48
5007,335,21,48
5008,115,48,48
5009,115,48,48
5010,150,228,48
5011,78,75,48
5012,420,301,48
5013,50,232,48
5014,420,301,48
5015,79,40,48
5016,95,41,48
5017,115,48,48
5018,50,232,48
5019,644,6,48
5020,380,60,48
5021,200,38,48
5022,114,316,48
5023,150,228,48
5024,420,18,48
5025,114,316,48
5026,114,316,93
5027,78,75,93
5028,79,40,93
5029,79,40,93
5030,335,21,93
5031,114,316,93
5032,335,21,93
5033,200,38,93
5034,114,316,93
5035,380,60,93
5036,380,60,93
5037,78,75,93
5038,644,6,93
5039,644,6,93
5040,114,316,93
5041,78,75,93
5042,114,316,93
5043,420,301,93
5044,420,301,93
5045,644,6,93
5046,644,6,93
5047,420,18,93
5048,78,75,93
5049,644,6,93
5050,114,316,93
5051,335,21,93
5052,150,228,93
5053,115,48,93
5054,200,38,93
5055,115,48,93
5056,50,232,93
5057,644,6,93
5058,95,41,93
5059,200,38,93
5060,420,301,65
5061,78,75,65
5062,380,60,65
5063,78,75,65
5064,114,316,65
5065,420,18,65
5066,115,48,65
5067,420,301,65
5068,335,21,65
5069,380,60,65
5070,95,41,65
5071,420,18,65
5072,200,38,65
5073,420,18,65
5074,114,316,65
5075,79,40,65
5076,420,18,65
5077,50,232,65
5078,200,38,65
5079,335,21,65
5080,380,60,65
5081,95,41,65
5082,78,75,65
5083,420,18,65
5084,114,316,65
5085,115,48,65
5086,644,6,65
5087,114,316,65
5088,78,75,65
5089,200,38,65
5090,420,18,65
5091,380,60,65
5092,200,38,65
5093,115,48,33
5094,644,6,33
5095,150,228,33
5096,644,6,33
5097,420,301,33
5098,78,75,33
5099,380,60,33
5100,420,18,33
5101,420,18,33
5102,50,232,33
5103,335,21,33
5104,50,232,33
5105,335,21,33
5106,79,40,33
5107,114,316,33
5108,95,41,33
5109,380,60,33
5110,79,40,33
5111,50,232,33
5112,380,60,33
5113,115,48,33
5114,420,301,33
5115,644,6,33
5116,115,48,33
5117,95,41,33
5118,644,6,33
5119,150,228,33
5120,115,48,33
5121,380,60,33
5122,420,18,33
5123,335,21,33
5124,420,18,33
5125,420,18,33
5126,644,6,33
5127,420,18,33
5128,150,228,33
5129,644,6,33
5130,114,316,33
5131,78,75,33
5132,335,21,33
5133,380,60,33
5134,335,21,33
5135,644,6,33
5136,150,228,33
5137,115,48,33
5138,150,228,33
5139,335,21,33
5140,420,18,33
5141,335,21,33
5142,420,18,33
5143,420,301,33
5144,420,301,33
5145,114,316,33
5146,114,316,33
5147,335,21,33
5148,420,18,33
5149,114,316,33
5150,644,6,33
5151,420,301,33
5152,79,40,33
5153,420,18,33
5154,50,232,33
5155,115,48,33
5156,335,21,33
5157,380,60,91
5158,78,75,91
5159,78,75,91
5160,79,40,91
5161,78,75,91
5162,420,18,91
5163,50,232,91
5164,420,18,91
5165,335,21,91
5166,420,301,91
5167,380,60,91
5168,78,75,91
5169,50,232,91
5170,114,316,91
5171,420,18,91
5172,644,6,91
5173,79,40,91
5174,150,228,91
5175,114,316,91
5176,644,6,91
5177,644,6,91
5178,50,232,91
5179,150,228,91
5180,644,6,91
5181,115,48,91
5182,335,21,91
5183,420,18,91
5184,79,40,91
5185,420,301,91
5186,79,40,91
5187,200,38,91
5188,335,21,91
5189,79,40,91
5190,335,21,91
5191,380,60,91
5192,200,38,91
5193,79,40,91
5194,115,48,91
5195,79,40,91
5196,115,48,91
5197,335,21,91
5198,78,75,91
5199,95,41,91
5200,644,6,91
5201,420,301,91
5202,380,60,91
5203,420,18,91
5204,78,75,91
5205,95,41,91
5206,150,228,91
5207,644,6,91
5208,95,41,91
5209,420,301,91
5210,50,232,91
5211,95,41,91
5212,335,21,91
5213,644,6,91
5214,380,60,91
5215,115,48,91
5216,420,301,91
5217,50,232,91
5218,114,316,91
5219,50,232,91
5220,200,38,91
5221,78,75,91
5222,95,41,91
5223,115,48,91
5224,200,38,91
5225,50,232,91
5226,50,232,91
5227,114,316,91
5228,644,6,91
5229,150,228,91
5230,335,21,91
5231,420,18,91
5232,95,41,91
5233,150,228,91
5234,335,21,91
5235,95,41,91
5236,335,21,91
5237,644,6,91
5238,115,48,91
5239,114,316,97
5240,95,41,97
5241,644,6,97
5242,50,232,97
5243,95,41,97
5244,380,60,97
5245,79,40,97
5246,420,18,97
5247,115,48,97
5248,420,18,97
5249,78,75,97
5250,114,316,97
5251,644,6,97
5252,79,40,97
5253,335,21,97
5254,79,40,97
5255,200,38,97
5256,644,6,97
5257,420,18,97
5258,79,40,97
5259,50,232,97
5260,200,38,97
5261,95,41,97
5262,79,40,97
5263,420,18,97
5264,420,301,97
5265,150,228,97
5266,79,40,97
5267,420,301,97
5268,200,38,97
5269,78,75,97
5270,79,40,97
5271,114,316,97
5272,78,75,97
5273,200,38,97
5274,420,18,97
5275,380,60,97
5276,380,60,97
5277,335,21,97
5278,644,6,97
5279,114,316,97
5280,335,21,97
5281,150,228,97
5282,150,228,97
5283,380,60,97
5284,644,6,97
5285,420,18,97
5286,150,228,97
5287,644,6,97
5288,335,21,97
5289,335,21,97
5290,78,75,97
5291,115,48,97
5292,420,301,97
5293,200,38,97
5294,420,301,97
5295,644,6,3
5296,78,75,3
5297,78,75,3
5298,79,40,3
5299,50,232,3
5300,79,40,3
5301,644,6,3
5302,50,232,3
5303,380,60,3
5304,335,21,3
5305,95,41,3
5306,335,21,3
5307,95,41,3
5308,115,48,3
5309,50,232,3
5310,380,60,3
5311,200,38,3
5312,420,301,3
5313,420,18,3
5314,200,38,3
5315,150,228,3
5316,78,75,3
5317,79,40,3
5318,78,75,3
5319,420,18,3
5320,79,40,3
5321,115,48,3
5322,380,60,10
5323,420,18,10
5324,644,6,10
5325,420,301,10
5326,420,18,10
5327,644,6,10
5328,644,6,10
5329,78,75,10
5330,95,41,10
5331,644,6,10
5332,50,232,10
5333,78,75,10
5334,200,38,10
5335,79,40,10
5336,335,21,10
5337,420,301,10
5338,150,228,10
5339,644,6,10
5340,335,21,10
5341,420,18,10
5342,114,316,10
5343,79,40,10
5344,95,41,10
5345,115,48,10
5346,200,38,10
5347,114,316,10
5348,95,41,10
5349,95,41,10
5350,420,18,10
5351,78,75,10
5352,335,21,10
5353,420,301,10
5354,420,18,10
5355,200,38,10
5356,79,40,10
5357,335,21,10
5358,200,38,10
5359,79,40,10
5360,335,21,10
5361,420,301,10
5362,95,41,10
5363,644,6,10
5364,420,301,10
5365,420,301,10
5366,79,40,10
5367,150,228,10
5368,200,38,10
5369,420,18,10
5370,150,228,10
5371,115,48,10
5372,200,38,10
5373,115,48,10
5374,150,228,10
5375,420,301,10
5376,644,6,10
5377,420,18,10
5378,95,41,10
5379,115,48,10
5380,380,60,10
5381,115,48,10
5382,95,41,10
5383,114,316,10
5384,335,21,10
5385,115,48,10
5386,78,75,10
5387,115,48,10
5388,114,316,10
5389,200,38,10
5390,50,232,10
5391,50,232,2
5392,79,40,2
5393,50,232,2
5394,115,48,2
5395,78,75,2
5396,335,21,2
5397,79,40,2
5398,200,38,2
5399,79,40,2
5400,420,18,2
5401,150,228,2
5402,380,60,2
5403,420,301,2
5404,420,301,2
5405,200,38,2
5406,114,316,2
5407,114,316,2
5408,420,301,2
5409,335,21,2
5410,200,38,2
5411,335,21,2
5412,380,60,2
5413,644,6,2
5414,79,40,2
5415,420,18,2
5416,78,75,2
5417,50,232,2
5418,150,228,2
5419,335,21,2
5420,150,228,2
5421,420,301,2
5422,420,18,2
5423,420,18,2
5424,115,48,2
5425,420,301,2
5426,420,18,2
5427,114,316,2
5428,78,75,2
5429,95,41,2
5430,420,18,2
5431,420,18,2
5432,200,38,2
5433,114,316,2
5434,150,228,2
5435,50,232,2
5436,78,75,2
5437,115,48,2
5438,420,301,2
5439,420,301,2
5440,420,301,2
5441,78,75,2
5442,150,228,2
5443,200,38,2
5444,78,75,2
5445,335,21,2
5446,79,40,2
5447,78,75,2
5448,644,6,2
5449,420,18,2
5450,335,21,2
5451,50,232,2
5452,150,228,2
5453,79,40,2
5454,78,75,2
5455,79,40,2
5456,78,75,2
5457,420,18,2
5458,644,6,2
5459,78,75,2
5460,115,48,2
5461,335,21,2
5462,644,6,2
5463,150,228,2
5464,50,232,2
5465,50,232,2
5466,420,301,2
5467,50,232,2
5468,79,40,2
5469,115,48,72
5470,644,6,72
5471,200,38,72
5472,79,40,72
5473,200,38,72
5474,200,38,72
5475,115,48,72
5476,420,301,72
5477,200,38,72
5478,380,60,72
5479,114,316,72
5480,95,41,72
5481,95,41,72
5482,380,60,72
5483,150,228,72
5484,95,41,72
5485,50,232,72
5486,114,316,72
5487,380,60,72
5488,78,75,72
5489,420,301,72
5490,420,18,72
5491,420,18,72
5492,114,316,72
5493,50,232,72
5494,644,6,72
5495,380,60,72
5496,115,48,72
5497,50,232,72
5498,50,232,108
5499,95,41,108
5500,78,75,108
5501,420,18,108
5502,114,316,108
5503,200,38,108
5504,95,41,108
5505,200,38,108
5506,50,232,108
5507,420,301,108
5508,150,228,108
5509,420,301,108
5510,420,18,108
5511,200,38,108
5512,335,21,108
5513,50,232,108
5514,114,316,108
5515,644,6,108
5516,420,301,108
5517,200,38,108
5518,644,6,108
5519,79,40,108
5520,79,40,108
5521,335,21,108
5522,644,6,108
5523,200,38,108
5524,335,21,108
5525,420,301,108
5526,150,228,108
5527,420,18,108
5528,380,60,108
5529,420,301,108
5530,115,48,108
5531,380,60,108
5532,114,316,108
5533,335,21,108
5534,150,228,108
5535,335,21,108
5536,95,41,108
5537,420,301,108
5538,150,228,108
5539,200,38,108
5540,200,38,108
5541,50,232,108
5542,380,60,108
5543,95,41,108
5544,150,228,108
5545,200,38,108
5546,115,48,108
5547,95,41,108
5548,380,60,108
5549,380,60,108
5550,114,316,108
5551,78,75,108
5552,114,316,108
5553,150,228,108
5554,335,21,108
5555,78,75,108
5556,115,48,108
5557,78,75,108
5558,644,6,108
5559,420,18,108
5560,380,60,108
5561,115,48,108
5562,420,301,108
5563,79,40,108
5564,114,316,108
5565,115,48,108
5566,115,48,108
5567,335,21,108
5568,420,18,108
5569,79,40,108
5570,115,48,108
5571,95,41,108
5572,335,21,108
5573,644,6,108
5574,150,228,108
5575,644,6,108
5576,79,40,108
5577,79,40,108
5578,95,41,108
5579,50,232,108
5580,50,232,108
5581,335,21,108
5582,150,228,108
5583,420,301,108
